codigo_dpa,nombre_parroquia,nombre_canton,nombre_provincia,centroide_lon,centroide_lat,area_km2
0285,BAÑOS,CUENCA,AZUAY,-79.20346070705432,-2.9835399219779766,251.44
0730,CUMBE,CUENCA,AZUAY,-79.02016149531283,-3.102251324232652,75.13
0845,CHAUCHA / ANGAS,CUENCA,AZUAY,-79.39456525683947,-2.93062402036387,380.0
0860,CHECA JIDCAY,CUENCA,AZUAY,-79.04122424903515,-2.7110742003877806,110.86
0905,CHIQUINTAD,CUENCA,AZUAY,-79.05668548447996,-2.769097087842313,93.44
2255,LLACAO,CUENCA,AZUAY,-78.93030542243078,-2.841989066213881,15.96
2430,MOLLETURO,CUENCA,AZUAY,-79.40047773954949,-2.7411013235917645,983.77
2570,MULTI / NULTI,CUENCA,AZUAY,-78.89032813544314,-2.8639171555474032,27.04
2595,OCTAVIO CORDERO PALACIOS,CUENCA,AZUAY,-78.97105372637589,-2.7755959076614363,20.88
2680,PACCHA,CUENCA,AZUAY,-78.92893661149917,-2.8986457139758657,25.27
3105,QUINGEO,CUENCA,AZUAY,-78.94081283767953,-3.054660960479782,116.92
3165,RICAURTE,CUENCA,AZUAY,-78.96321438331967,-2.8562230916047846,13.93
3460,SAN JOAQUIN,CUENCA,AZUAY,-79.19316524875958,-2.9055738994793368,204.18
3685,SANTA ANA,CUENCA,AZUAY,-78.91237072583903,-2.9654623129517166,44.95
3795,SAYAUSI,CUENCA,AZUAY,-79.15914627520598,-2.8070583722868903,279.74
3850,SIDCAY,CUENCA,AZUAY,-78.96801943422362,-2.8157196272421814,16.17
3870,SININCAY,CUENCA,AZUAY,-79.03508741850715,-2.841716430163276,46.66
3980,TARQUI,CUENCA,AZUAY,-79.05409617795465,-3.0051610814869845,150.84
4095,TURI,CUENCA,AZUAY,-79.01932806192791,-2.94440532569301,25.9
4200,VALLE,CUENCA,AZUAY,-78.96737398680604,-2.9453126175866227,44.35
4225,VICTORIA DEL PORTETE,CUENCA,AZUAY,-79.12236113834955,-3.0698673703543156,196.09
0175,ASUNCION,GIRON,AZUAY,-79.24391668081383,-3.2314692675123506,53.5
0885,SAN GERARDO,GIRON,AZUAY,-79.21100346139791,-3.1266610943504967,49.49
1005,DANIEL CORDOVA TORAL,GUALACEO,AZUAY,-78.71909237301213,-2.876199169020295,20.03
1805,JADAN,GUALACEO,AZUAY,-78.85129924938613,-2.8949513329139904,52.57
2385,MARIANO MORENO / CALLASAY,GUALACEO,AZUAY,-78.72807897606882,-2.841787160587138,37.88
3160,REMIGIO CRESPO TORAL,GUALACEO,AZUAY,-78.73156879988969,-2.9359806823825045,30.66
3505,SAN JUAN,GUALACEO,AZUAY,-78.82500093065696,-2.9617318997402755,35.77
4340,ZHIDMAD,GUALACEO,AZUAY,-78.88130243162381,-2.9452433749527223,41.91
1760,LUIS CORDERO VEGA,GUALACEO,AZUAY,-78.69313701005046,-2.940577423733884,73.95
3780,SIMON BOLIVAR,GUALACEO,AZUAY,-78.78933257773586,-2.9722949168322295,11.93
0575,COCHAPATA,NABON,AZUAY,-79.07561382019607,-3.3886483844142257,110.45
1175,EL PROGRESO,NABON,AZUAY,-79.24528989026342,-3.373561370144911,154.49
2550,NIEVES,NABON,AZUAY,-79.15211186206942,-3.306044437632226,123.84
0395,BULAN / J. VICTOR IZQUIERDO,PAUTE,AZUAY,-78.77259151994573,-2.7137877808618907,38.72
0870,CHICAN /GUILLERMO ORTEGA,PAUTE,AZUAY,-78.75202947628536,-2.8124198941372844,24.51
4565,EL CABO,PAUTE,AZUAY,-78.79824196896834,-2.842934729623014,22.76
1455,GUARAINAC,PAUTE,AZUAY,-78.64335067024498,-2.676420764210078,36.11
3375,SAN CRISTOBAL,PAUTE,AZUAY,-78.84760100118336,-2.8352974483762634,16.99
4050,TOMEBAMBA,PAUTE,AZUAY,-78.6830917948908,-2.718122821177315,38.82
0890,DUG-DUG,PAUTE,AZUAY,-78.72573900838353,-2.7233355509910306,37.11
1690,SAN RAFAEL DE SHARUG,PUCARA,AZUAY,-79.54009347863702,-3.2722238339831002,68.98
4560,CHUMBIN,SAN FERNANDO,AZUAY,-79.24532794580288,-3.094146958546699,22.74
0015,ABDON CALDERON / LA UNION,SANTA ISABEL,AZUAY,-79.27195503653772,-3.257855774677687,62.39
1130,EL CARMEN DE PIJILI,CAMILO PONCE ENRIQUEZ,AZUAY,-79.5438587777058,-2.9776743199393394,198.07
3835,SHAGLLI,SANTA ISABEL,AZUAY,-79.39325967850053,-3.099086920301499,279.26
4610,SAN SALVADOR DE CAÑARIBAMBA,SANTA ISABEL,AZUAY,-79.35843146719708,-3.2240088711329156,102.48
0750,CUTCHIL,SIGSIG,AZUAY,-78.80277759821944,-3.132723557759875,125.72
1355,GIMA,SIGSIG,AZUAY,-78.92213565261942,-3.2044833008676563,232.9
1490,GUEL,SIGSIG,AZUAY,-78.7615377262933,-3.0273830708621667,16.46
2215,LUDO,SIGSIG,AZUAY,-78.88337880347446,-3.093620115953562,79.24
3360,SAN BARTOLOME,SIGSIG,AZUAY,-78.84835390447552,-3.0140299497590117,35.87
3495,SAN JOSE DE RARANGA,SIGSIG,AZUAY,-78.93785740083771,-3.1362301887681325,42.83
1540,SUSUDEL,OÑA,AZUAY,-79.20372569546885,-3.4190939720596982,72.12
2950,PRINCIPAL,CHORDELEG,AZUAY,-78.71645834558716,-3.024459451373266,30.68
1535,LA UNION,CHORDELEG,AZUAY,-78.75311171256928,-2.943731257821466,13.66
1585,LUIS GALARZA O. (DELEGSOL),CHORDELEG,AZUAY,-78.71374135980582,-2.997679097683453,29.67
1575,SAN MARTIN DE PUZHIO,CHORDELEG,AZUAY,-78.747863252075,-2.9778944297354224,14.01
1650,SAN VICENTE,EL PAN,AZUAY,-78.65171742099525,-2.8737469374589106,121.61
0085,AMALUZA,SEVILLA DE ORO,AZUAY,-78.52478709528391,-2.6279223335569544,179.8
2725,PALMAS,SEVILLA DE ORO,AZUAY,-78.60306610119663,-2.696871816977755,70.15
0585,COJITAMBO,AZOGUES,CAÑAR,-78.88522613236775,-2.7579302835137267,19.06
1445,GUAPAN,AZOGUES,CAÑAR,-78.83258282310894,-2.6603329769087836,77.61
1825,JAVIER LOYOLA / CHUQUIPATA,AZOGUES,CAÑAR,-78.88901860961624,-2.805585336147816,30.65
2220,LUIS CORDERO,AZOGUES,CAÑAR,-78.8109571072256,-2.7508110782450528,16.08
2885,PINDILIG,AZOGUES,CAÑAR,-78.71911232580091,-2.603727835805548,115.68
3210,RIVERA,AZOGUES,CAÑAR,-78.6069485748342,-2.489630292813357,542.56
3575,SAN MIGUEL,AZOGUES,CAÑAR,-78.8411550387651,-2.80002930308198,26.77
3945,TADAY,AZOGUES,CAÑAR,-78.70651935308582,-2.658122504891298,60.84
2545,NAZON,BIBLIAN,CAÑAR,-78.9801866358787,-2.689706458623763,50.76
3410,SAN FCO. DE SAGEO,BIBLIAN,CAÑAR,-78.87642899732275,-2.7100137453076227,3.75
4100,TURUPAMBA,BIBLIAN,CAÑAR,-78.90960682174038,-2.7281981742816592,5.71
1085,JERUSALEN,BIBLIAN,CAÑAR,-78.96950890581029,-2.653861814695268,60.86
0935,CHONTAMARCA,CAÑAR,CAÑAR,-79.15403952354848,-2.3922595549385806,217.79
0950,CHOROCOPTE,CAÑAR,CAÑAR,-78.96705328521152,-2.59517602093235,34.25
1335,GRAL. MORALES / SOCARTE,CAÑAR,CAÑAR,-79.04941337184663,-2.3675959579957166,114.15
1410,GUALLETURO,CAÑAR,CAÑAR,-79.09542245601168,-2.5808194944269447,291.21
1605,HONORATO VASQUEZ,CAÑAR,CAÑAR,-78.89465597389773,-2.5986201075569553,77.14
1725,INGAPIRCA,CAÑAR,CAÑAR,-78.80332952067837,-2.4752316675020523,414.27
1900,JUNCAL,CAÑAR,CAÑAR,-78.92458737056715,-2.4493506657912234,63.75
3305,SAN ANTONIO,CAÑAR,CAÑAR,-79.23325642771702,-2.598004044575785,412.8
4345,ZHUD,CAÑAR,CAÑAR,-78.98619646318335,-2.449755386859097,83.9
1775,VENTURA,CAÑAR,CAÑAR,-79.12998414604861,-2.282414125615855,68.04
1895,DUCUR,CAÑAR,CAÑAR,-79.18631013229931,-2.469488674110196,100.15
2365,MANUEL J. CALLE,LA TRONCAL,CAÑAR,-79.39255616351917,-2.388995422248124,60.64
2745,PANCHO NEGRO,LA TRONCAL,CAÑAR,-79.4141481679364,-2.4722570782567996,150.15
3875,SOLANO,DELEG,CAÑAR,-78.9312635475412,-2.811507716801049,16.89
0035,ALAQUEZ,LATACUNGA,COTOPAXI,-78.49865021511098,-0.8505016487226249,144.18
0315,BELISARIO QUEVEDO,LATACUNGA,COTOPAXI,-78.56924756457684,-0.977800935511937,37.93
1485,GUAYTACAMA,LATACUNGA,COTOPAXI,-78.64026088348264,-0.8298726170177007,26.66
1905,JOSEGUANGO BAJO,LATACUNGA,COTOPAXI,-78.60260921084988,-0.8226154118380968,18.41
2480,MULALO,LATACUNGA,COTOPAXI,-78.49415942695333,-0.720424336117327,509.42
2620,11 DE NOVIEMBRE,LATACUNGA,COTOPAXI,-78.66856648358055,-0.9178044403265113,10.41
2920,POALO,LATACUNGA,COTOPAXI,-78.73286781466976,-0.8866086265997234,76.12
3530,SAN JUAN DE PASTOCALLE,LATACUNGA,COTOPAXI,-78.63626083591548,-0.6808854867631567,139.67
3965,TANICUCHI,LATACUNGA,COTOPAXI,-78.64583085961884,-0.7644534199864759,53.31
4035,TOACAZO,LATACUNGA,COTOPAXI,-78.75408961470181,-0.722390642355732,213.06
1500,GUASAGANDA,LA MANA,COTOPAXI,-79.10384757023986,-0.7889045602580091,248.29
2965,PUCAYACO,LA MANA,COTOPAXI,-79.08098712771105,-0.6648404429007118,181.43
2460,MORASPUNGO,PANGUA,COTOPAXI,-79.23009798162882,-1.086920191820233,406.24
2890,PINLLOPATA,PANGUA,COTOPAXI,-79.00085273918624,-1.14734391015494,32.52
3155,RAMON CAMPAÑA,PANGUA,COTOPAXI,-79.0909641838045,-1.073536092194283,118.22
0125,ANGAMARCA,PUJILI,COTOPAXI,-78.90430211982714,-1.1180102267550844,282.09
1430,GUANGAJE,PUJILI,COTOPAXI,-78.84005417211823,-0.9004995050200459,125.93
2150,LA VICTORIA,PUJILI,COTOPAXI,-78.69941431334561,-0.911795230309248,18.65
2865,PILALO,PUJILI,COTOPAXI,-79.00016877973256,-0.9948661545747796,205.94
4015,TINGO,PUJILI,COTOPAXI,-79.09634032762801,-0.9251824666133129,192.69
4365,ZUMBAHUA,PUJILI,COTOPAXI,-78.89614262448025,-0.9579107565372333,208.81
0135,ANTONIO J. HOLGUIN,SALCEDO,COTOPAXI,-78.60015652420778,-1.0970804407603745,7.27
0745,CUSUBAMBA,SALCEDO,COTOPAXI,-78.74114758393213,-1.0964373083101953,161.76
2475,MULALILLO,SALCEDO,COTOPAXI,-78.63877262511657,-1.1046479160554996,41.28
2490,MULLIQUINDIL,SALCEDO,COTOPAXI,-78.53643333747364,-1.0129604608405296,48.56
2760,PANZALEO,SALCEDO,COTOPAXI,-78.58316537239763,-1.0912018718646461,16.46
0465,CANCHAGUA,SAQUISILI,COTOPAXI,-78.70801276212296,-0.7983057303634187,25.42
0830,CHANTILIN,SAQUISILI,COTOPAXI,-78.64820376922057,-0.8511540044804861,4.71
0990,COCHAPAMBA,SAQUISILI,COTOPAXI,-78.77242721962195,-0.828753382822958,84.93
0960,CHUGCHILAN,SIGCHOS,COTOPAXI,-78.98234664064975,-0.8307820675449447,248.97
1735,ISINLIVI,SIGCHOS,COTOPAXI,-78.85484121647337,-0.7827382568546677,84.81
2115,LAS PAMPAS,SIGCHOS,COTOPAXI,-78.96947887384057,-0.47106717756306155,131.93
0815,PALO QUEMADO,SIGCHOS,COTOPAXI,-78.90626891816949,-0.4296855737515506,116.44
0020,ACHUPALLAS,ALAUSI,CHIMBORAZO,-78.66131777598005,-2.3017988840648127,580.99
1465,GUASUNTOS,ALAUSI,CHIMBORAZO,-78.78355239499051,-2.225749860741768,46.75
1660,HUIGRA,ALAUSI,CHIMBORAZO,-79.00495307003781,-2.2814814766342724,129.55
2485,MULTITUD,ALAUSI,CHIMBORAZO,-78.98749369586848,-2.1429718927293266,102.88
2905,PISTISHI,ALAUSI,CHIMBORAZO,-78.88021369201722,-2.2494313093569964,10.94
3025,PUMALLACTA,ALAUSI,CHIMBORAZO,-78.80669114295584,-2.2774489996469645,20.64
3820,SEVILLA,ALAUSI,CHIMBORAZO,-78.82518204946827,-2.296199624527533,20.84
3845,SIBAMBE,ALAUSI,CHIMBORAZO,-78.9146041454165,-2.191166850443247,142.03
4030,TIXAN,ALAUSI,CHIMBORAZO,-78.75819721573903,-2.158078129143444,180.91
0500,CANI,COLTA,CHIMBORAZO,-78.95753494407838,-1.792472768655255,110.46
0610,COLUMBE,COLTA,CHIMBORAZO,-78.77431378158495,-1.862693568647965,167.44
1865,JUAN DE VELASCO / PONGOR,COLTA,CHIMBORAZO,-78.91246219110106,-1.8616409310650082,266.05
4430,SANTIAGO DE QUITO,COLTA,CHIMBORAZO,-78.72928847653735,-1.7720910303076596,55.73
0515,CAPZOL,CHUNCHI,CHIMBORAZO,-78.9301487388464,-2.3093912071149427,25.28
0615,COMPUD,CHUNCHI,CHIMBORAZO,-78.92561765535956,-2.358329868380814,28.85
1370,GONZOL,CHUNCHI,CHIMBORAZO,-78.85137588691416,-2.267506643985646,24.93
2260,LLAGOS,CHUNCHI,CHIMBORAZO,-78.97046737688412,-2.364889859621855,66.56
0555,CEBADAS,GUAMOTE,CHIMBORAZO,-78.54977609866164,-2.0477901628957342,566.55
2730,PALMIRA,GUAMOTE,CHIMBORAZO,-78.75444828761961,-2.0796343105050594,241.59
1415,GUANANDO,GUANO,CHIMBORAZO,-78.52967889095352,-1.5031110772162601,14.8
1705,ILAPO,GUANO,CHIMBORAZO,-78.58176836272956,-1.5439145744848872,33.09
2080,LA PROVIDENCIA,GUANO,CHIMBORAZO,-78.54578129938103,-1.5704898506619815,10.18
3295,SAN ANDRES,GUANO,CHIMBORAZO,-78.74838885700959,-1.5176717164370241,164.01
3425,SAN GERARDO / PAQUICAHUAN,GUANO,CHIMBORAZO,-78.61443380554216,-1.6366547757018246,7.12
3450,SAN ISIDRO DE PATULU,GUANO,CHIMBORAZO,-78.67576572775637,-1.5420464841268746,77.45
0045,SAN JOSE DEL CHAZO,GUANO,CHIMBORAZO,-78.55242294179102,-1.5275609731747728,14.54
0040,SANTA FE DE GALAN,GUANO,CHIMBORAZO,-78.57435545728684,-1.497869493821604,29.16
0410,VALPARAISO,GUANO,CHIMBORAZO,-78.60861330660256,-1.5517761059752047,21.2
1110,EL ALTAR,PENIPE,CHIMBORAZO,-78.44242539934814,-1.5461010648347848,74.22
2400,MATUS,PENIPE,CHIMBORAZO,-78.43427767844267,-1.5896432078482763,74.07
2975,PUELA,PENIPE,CHIMBORAZO,-78.43857832628254,-1.5050735163196018,73.03
3335,SAN ANTONIO DE BAYUSHIG,PENIPE,CHIMBORAZO,-78.51796060596962,-1.5489335103610749,3.87
0925,LA CANDELARIA,PENIPE,CHIMBORAZO,-78.44432273224929,-1.640350094800256,89.2
1325,BILBAO,PENIPE,CHIMBORAZO,-78.48698085182804,-1.4681675085350707,25.12
0255,EL RETIRO,MACHALA,EL ORO,-79.95992933111393,-3.3782086128289643,126.52
0805,CHACRAS,ARENILLAS,EL ORO,-80.16422903347555,-3.5405862091206806,97.49
2715,PALMALES,ARENILLAS,EL ORO,-80.10722937922593,-3.7002544995153372,211.1
1695,CARCABON,ARENILLAS,EL ORO,-80.16165526404386,-3.6310146919231627,77.7
4650,LA CUCA,ARENILLAS,EL ORO,-80.06905630527297,-3.4655912017264696,140.65
0225,AYAPAMBA,ATAHUALPA,EL ORO,-79.7297143116001,-3.580320226305101,100.32
4480,CORDONCILLO,ATAHUALPA,EL ORO,-79.62915352300251,-3.5540277097121464,30.53
4535,MILAGRO,ATAHUALPA,EL ORO,-79.66723852382094,-3.6234604838795454,2.82
4530,SAN JOSE,ATAHUALPA,EL ORO,-79.65613725556562,-3.6288848197752515,2.44
0375,SAN JUAN DE CERRO AZUL,ATAHUALPA,EL ORO,-79.76538982180014,-3.5172265434611694,96.22
1975,BELLAMARIA,BALSAS,EL ORO,-79.85631310109245,-3.759355872590478,12.78
0300,BARBONES,EL GUABO,EL ORO,-79.87614900596202,-3.167583695841442,68.55
0245,LA IBERIA,EL GUABO,EL ORO,-79.87652309687482,-3.243455553200302,13.85
4000,TENDALES,EL GUABO,EL ORO,-79.8390092351424,-3.1052331350954394,106.36
2050,RIO BONITO,EL GUABO,EL ORO,-79.71560315483326,-3.129929165857704,155.37
0160,EL INGENIO,MARCABELI,EL ORO,-79.94579637625851,-3.7285157742996717,18.63
0390,BUENAVISTA,PASAJE,EL ORO,-79.83429452351862,-3.3696834046015405,41.27
4495,CASACAY,PASAJE,EL ORO,-79.71041981825579,-3.348933838229394,61.14
2075,LA PEAÑA,PASAJE,EL ORO,-79.85087195584985,-3.311639713746111,16.23
1225,PROGRESO,PASAJE,EL ORO,-79.68769118941108,-3.2649385194860314,148.95
4160,UZHCURRUMI,PASAJE,EL ORO,-79.59838239506189,-3.3515386979958817,30.23
0775,CAÑAQUEMADA,PASAJE,EL ORO,-79.80959844358621,-3.284893637960139,27.13
0505,CAPIRO,PIÑAS,EL ORO,-79.75705157379163,-3.7905117320314163,145.07
2230,LA BOCANA,PIÑAS,EL ORO,-79.90139106091424,-3.7018554428493204,60.45
2465,MOROMORO,PIÑAS,EL ORO,-79.76396063050719,-3.6700096704238785,84.25
2850,PIEDRAS,PIÑAS,EL ORO,-79.91310113655295,-3.631570988426717,40.34
3650,SAN ROQUE,PIÑAS,EL ORO,-79.67935779524622,-3.737852647342078,47.6
1385,SARACAY,PIÑAS,EL ORO,-79.83695159598533,-3.6675055555053273,117.15
0740,CURTINCAPAC,PORTOVELO,EL ORO,-79.54535114646077,-3.7326908996436607,17.34
4520,MORALES,PORTOVELO,EL ORO,-79.45463120357623,-3.702551254032158,77.89
3275,SALATI,PORTOVELO,EL ORO,-79.49544739889707,-3.765168589489842,152.43
0325,BELLAVISTA,SANTA ROSA,EL ORO,-79.96587791960017,-3.509518350585159,52.21
1815,JAMBELI,SANTA ROSA,EL ORO,-80.15707840021496,-3.3685804668105264,299.15
2005,LA AVANZADA,SANTA ROSA,EL ORO,-79.94663672422708,-3.566112327011606,65.93
3330,SAN ANTONIO,SANTA ROSA,EL ORO,-80.00527976008723,-3.5461771763860495,22.55
4525,TORATA,SANTA ROSA,EL ORO,-79.850815688629,-3.5858102619588577,66.46
4215,VICTORIA,SANTA ROSA,EL ORO,-79.83466591161657,-3.4232534678043622,113.23
1665,BELLAMARIA,SANTA ROSA,EL ORO,-79.8582276172158,-3.5164674845754456,107.68
0005,ABANIN,ZARUMA,EL ORO,-79.51783123729815,-3.342430787666819,75.57
4445,ARCAPAMBA,ZARUMA,EL ORO,-79.60723102804542,-3.631073212764012,14.31
1420,GUANAZAN,ZARUMA,EL ORO,-79.50114962679199,-3.4513302181952668,180.51
1425,GUIZHAGUIÑA,ZARUMA,EL ORO,-79.47077819658448,-3.6556918820195428,156.77
1655,HUERTAS,ZARUMA,EL ORO,-79.60432552782494,-3.582356312463738,47.41
2350,MALVAS,ZARUMA,EL ORO,-79.62989236713554,-3.6681981862242337,10.26
4450,MULUNCAY GRANDE,ZARUMA,EL ORO,-79.63434671801221,-3.639320059522732,7.39
1700,SINSAO,ZARUMA,EL ORO,-79.57716351310361,-3.6218272266768454,45.25
1750,SALVIAS,ZARUMA,EL ORO,-79.52266548602957,-3.592598272382008,97.28
1100,LA LIBERTAD,LAS LAJAS,EL ORO,-80.10959144768104,-3.850615247899804,83.22
1080,EL PARAISO,LAS LAJAS,EL ORO,-80.02188359972159,-3.8005367385183173,78.42
1075,SAN ISIDRO,LAS LAJAS,EL ORO,-79.99485072694826,-3.736689198801774,28.81
1870,JUAN GOMEZ RENDON,GUAYAQUIL,GUAYAS,-80.33596091863485,-2.410249091206318,307.94
2470,MORRO,GUAYAQUIL,GUAYAS,-80.3056478911344,-2.563164811944067,323.52
2940,POSORJA,GUAYAQUIL,GUAYAS,-80.2849484611712,-2.691133222353519,73.63
3030,PUNA,GUAYAQUIL,GUAYAS,-80.00518862319083,-2.6603900832844003,1876.19
4120,TENGUEL,GUAYAQUIL,GUAYAS,-79.79524174040526,-3.0079638612139354,141.06
1435,SAN JACINTO,COLIMES,GUAYAS,-80.1406160251975,-1.6107225108085483,213.24
1855,JUAN BAUTISTA AGUIRRE,DAULE,GUAYAS,-79.87947112500466,-1.889444993138904,74.7
4500,EL LAUREL,DAULE,GUAYAS,-79.91656314521511,-1.8120143874527717,37.23
0260,LIMONAL,DAULE,GUAYAS,-80.01186876697749,-1.8065665943847027,48.5
2105,LAS LOJAS,DAULE,GUAYAS,-79.90802425866814,-1.9639578252373855,121.73
1470,GUAYAS / PUERTO NUEVO,EL EMPALME,GUAYAS,-79.62850509198702,-0.9394173849185017,363.73
1640,EL ROSARIO,EL EMPALME,GUAYAS,-79.77862259377657,-1.052777855848799,137.39
0920,CHOBO,MILAGRO,GUAYAS,-79.63518293289377,-2.1401291927728363,39.17
2390,MARISCAL SUCRE / HUAQUES,MILAGRO,GUAYAS,-79.50799750118834,-2.082309409872588,54.99
3235,ROBERTO ASTUDILLO,MILAGRO,GUAYAS,-79.5131959071388,-2.1715043508128042,81.47
1830,JESUS MARIA,NARANJAL,GUAYAS,-79.52022178753333,-2.590184382679298,107.27
3370,SAN CARLOS,NARANJAL,GUAYAS,-79.46806797257686,-2.537495188604795,103.9
3740,SANTA ROSA DE FLANDES,NARANJAL,GUAYAS,-79.69325584068253,-2.633504289223096,131.5
3990,TAURA,NARANJAL,GUAYAS,-79.64043439968128,-2.4408372377923437,757.43
0185,VALLE DE LA VIRGEN,PEDRO CARBO,GUAYAS,-80.19107738035606,-1.7268351577017775,100.09
1670,SABANILLA,PEDRO CARBO,GUAYAS,-80.26401958100436,-1.9303191313770451,319.75
3975,TARIFA,SAMBORONDON,GUAYAS,-79.79926970818697,-1.9731712790296876,93.34
1350,GRAL. VERNAZA,SALITRE,GUAYAS,-79.78104289885148,-1.7697321627906213,85.13
4220,VICTORIA,SALITRE,GUAYAS,-79.72584058094252,-1.8871348963343042,81.39
1595,JUNQUILLAL,SALITRE,GUAYAS,-79.86013619584948,-1.7317153800110858,94.39
1340,GRAL. PEDRO MONTERO,YAGUACHI,GUAYAS,-79.59064854320967,-2.271962623090608,93.97
4275,YAGUACHI VIEJO / CONE,YAGUACHI,GUAYAS,-79.66997884138655,-2.1887855220449106,107.53
1915,VIRGEN DE FATIMA,YAGUACHI,GUAYAS,-79.67058406660351,-2.265249470421873,51.74
0660,CRNEL. LORENZO GARAICOA,SIMON BOLIVAR,GUAYAS,-79.374370553138,-2.067971094410849,158.1
4475,CHANTACO,LOJA,LOJA,-79.322428372334,-3.8743874041486133,23.93
0975,CHUQUIRIBAMBA,LOJA,LOJA,-79.35624979698717,-3.84196948598885,71.94
1135,EL CISNE,LOJA,LOJA,-79.45174205564487,-3.8388517693851494,108.63
1405,GUALEL,LOJA,LOJA,-79.37341074827063,-3.753248302635388,99.93
1840,JIMBILLA,LOJA,LOJA,-79.17575233999736,-3.8664247781812344,102.25
2325,MALACATOS / VALLADOLID,LOJA,LOJA,-79.23635848257751,-4.18831003286547,206.01
3555,SAN LUCAS,LOJA,LOJA,-79.2418028968044,-3.7486393590726874,157.38
4540,SAN PEDRO DE VILCABAMBA,LOJA,LOJA,-79.1753998572557,-4.225935635068353,67.08
3770,SANTIAGO,LOJA,LOJA,-79.28801969057525,-3.7967755656169473,101.91
3970,TAQUIL / MIGUEL RIOFRIO,LOJA,LOJA,-79.29188009077114,-3.920319123493141,91.97
4235,VILCABAMBA / VICTORIA,LOJA,LOJA,-79.22801123126246,-4.279630091147128,159.77
4280,YANGANA / ARSENIO CASTILLO,LOJA,LOJA,-79.18233380239559,-4.390863443315341,267.6
1780,QUINARA,LOJA,LOJA,-79.27323344148641,-4.388929895416394,148.06
0590,COLAIZACA,CALVAS,LOJA,-79.6917649621239,-4.252597251752124,192.72
1230,EL LUCERO,CALVAS,LOJA,-79.481336812459,-4.379879289022892,93.45
4150,UTUANA,CALVAS,LOJA,-79.67540291461314,-4.375226068972797,116.9
1550,SANGUILLIN,CALVAS,LOJA,-79.53212590303539,-4.4682284846516245,98.62
1200,EL TAMBO,CATAMAYO,LOJA,-79.29464248894628,-4.087606091125623,202.76
1480,GUAYQUICHUMA,CATAMAYO,LOJA,-79.5223331902705,-3.8608626786810367,105.84
3610,SAN PEDRO DE LA BENDITA,CATAMAYO,LOJA,-79.449311626592,-3.964295368120722,146.63
4455,ZAMBI,CATAMAYO,LOJA,-79.5093610598625,-3.9421168955223314,49.04
0695,CRUZPAMBA/BUSTAMANTE,CELICA,LOJA,-80.02097939208402,-4.172593347537734,26.84
3535,SAN JUAN DE POZUL,CELICA,LOJA,-80.05261897075097,-4.126128495517772,82.02
3255,SABANILLA,CELICA,LOJA,-80.14659389076516,-4.213795124698885,139.38
1495,TNTE M. RODRIGUEZ LOAYZA,CELICA,LOJA,-80.06105631643887,-4.200824778823837,34.91
0385,BUENAVISTA,CHAGUARPAMBA,LOJA,-79.71545714577586,-3.897907852448401,44.37
1180,EL ROSARIO,CHAGUARPAMBA,LOJA,-79.63659021282743,-3.8016669414558795,91.66
3755,SANTA RUFINA,CHAGUARPAMBA,LOJA,-79.76309285051761,-3.868748177917272,54.35
1450,AMARILLOS,CHAGUARPAMBA,LOJA,-79.68775348296487,-3.8836657015983898,21.63
0320,BELLAVISTA,ESPINDOLA,LOJA,-79.46192008750695,-4.52322354042269,77.09
1845,JIMBURA,ESPINDOLA,LOJA,-79.44373285145541,-4.654484527402167,97.09
3765,SANTA TERESITA,ESPINDOLA,LOJA,-79.37760559791725,-4.53232580015493,77.02
4460,27 DE ABRIL / LA NARANJA,ESPINDOLA,LOJA,-79.4507682291086,-4.450166823947824,41.32
0790,EL INGENIO,ESPINDOLA,LOJA,-79.37532459159118,-4.443943164427963,72.65
1645,EL AIRO,ESPINDOLA,LOJA,-79.37541696875572,-4.47864012494542,28.05
0825,CHANGAIMNA / LA LIBERTAD,GONZANAMA,LOJA,-79.53305831719435,-4.224116264671223,103.97
2520,NAMBACOLA,GONZANAMA,LOJA,-79.4333086291843,-4.097345922323232,297.52
3045,PURUNUMA / EGUIGUREN,GONZANAMA,LOJA,-79.36256010755861,-4.218288198331153,97.15
3270,SACAPALCA,GONZANAMA,LOJA,-79.53057596413501,-4.148268825321086,111.08
2085,LA RAMA,MACARA,LOJA,-79.9002457545654,-4.251727405603649,89.68
2145,LA VICTORIA,MACARA,LOJA,-79.7969743482379,-4.452811248677653,68.88
3265,SABIANGO,MACARA,LOJA,-79.82592712829043,-4.361188055134722,45.06
0485,CANGONAMA,PALTAS,LOJA,-79.72028972057326,-3.9516929877332996,47.96
1380,GUACHANAMA,PALTAS,LOJA,-79.86248589778167,-4.039856405643529,279.37
2140,LAURO GUERRERO,PALTAS,LOJA,-79.78912548963571,-3.941076270068448,98.05
2630,ORIANGA,PALTAS,LOJA,-79.89223638747322,-3.8745399082781975,180.24
0545,SAN ANTONIO,PALTAS,LOJA,-79.65770031407085,-3.9849102070775304,35.03
0995,CASANGA,PALTAS,LOJA,-79.75835439925952,-4.020335416517335,52.37
1000,YAMANA,PALTAS,LOJA,-79.6945905552808,-4.003347227163187,22.03
0565,CIANO,PUYANGO,LOJA,-79.98824550447608,-3.912829686599067,79.94
0270,EL ARENAL,PUYANGO,LOJA,-79.98093671456778,-3.9763000249095137,27.72
1155,EL LIMO / MARIANA DE JESUS,PUYANGO,LOJA,-80.19162349991487,-3.9966793981857047,203.76
2405,MERCADILLO,PUYANGO,LOJA,-79.94155140940296,-4.016978854321525,28.08
4210,VICENTINO,PUYANGO,LOJA,-79.92279221889531,-3.974756359827297,56.3
1165,EL PARAISO DE CELEN,SARAGURO,LOJA,-79.34696712494382,-3.5997429503528964,54.97
1190,EL TABLON,SARAGURO,LOJA,-79.18131336129599,-3.51313677617143,96.7
2280,LLUZHAPA,SARAGURO,LOJA,-79.3250696846948,-3.4930375737834516,73.29
2360,MANU,SARAGURO,LOJA,-79.42608446865722,-3.527876665996841,181.28
3340,SAN ANTONIO DE CUMBE,SARAGURO,LOJA,-79.2281530485159,-3.530642139236526,77.7
3600,SAN PABLO DE TENTA,SARAGURO,LOJA,-79.3016963736319,-3.622825762006888,155.03
3665,SAN SEBASTIAN DE YULOG,SARAGURO,LOJA,-79.41824190554514,-3.3867093687663794,114.76
3815,SELVA ALEGRE,SARAGURO,LOJA,-79.34890344808181,-3.555804290595565,45.09
4145,URDANETA / PAQUISHAPA,SARAGURO,LOJA,-79.16857749752857,-3.6395990869826327,118.71
0310,SUMAYPAMBA,SARAGURO,LOJA,-79.34042912124167,-3.41000963468827,91.49
2575,NUEVA FATIMA,SOZORANGA,LOJA,-79.82676547108652,-4.267275975803297,51.53
3935,TACAMOROS,SOZORANGA,LOJA,-79.73218757483762,-4.43044311992785,76.51
0550,MANGAHURCO,ZAPOTILLO,LOJA,-80.38863727990072,-4.10386321603809,170.46
0290,GARZAREAL,ZAPOTILLO,LOJA,-80.27352595685201,-4.272812513120093,189.72
0280,LIMONES,ZAPOTILLO,LOJA,-80.37682120241361,-4.363805671238793,231.48
2710,PALETILLAS,ZAPOTILLO,LOJA,-80.25366655661297,-4.14397267742478,174.24
2000,BOLASPAMBA,ZAPOTILLO,LOJA,-80.3354218312919,-4.131964037600114,131.3
4605,CAZADEROS,ZAPOTILLO,LOJA,-80.41177684238933,-4.035022539356532,119.72
0835,CHAQUINAL,PINDAL,LOJA,-80.03837062907608,-4.055889430120276,17.25
1035,12 DE DICIEMBRE,PINDAL,LOJA,-80.10756333391772,-4.06148376574424,43.15
4545,MILAGROS,PINDAL,LOJA,-80.17112289739188,-4.096607888526768,92.04
0360,FUNDOCHAMBA,QUILANGA,LOJA,-79.36816174035751,-4.33070236951882,36.05
3345,SAN ANTONIO DE LAS ARADAS,QUILANGA,LOJA,-79.36383052643514,-4.388585649595702,107.94
2120,LA TINGUE,OLMEDO,LOJA,-79.56075354109731,-3.936595756650378,51.91
0520,CARACOL,BABAHOYO,LOS RIOS,-79.44052457969796,-1.6899982467395867,91.54
1265,FEBRES CORDERO,BABAHOYO,LOS RIOS,-79.32364736176925,-1.9749791108392487,343.74
2875,PIMOCHA,BABAHOYO,LOS RIOS,-79.57014134405784,-1.7795726540145158,279.32
1525,LA UNION,BABAHOYO,LOS RIOS,-79.38033049099671,-1.7203912524680538,187.08
1460,GUARE,BABA,LOS RIOS,-79.6561986581954,-1.5921204348983715,232.17
1740,ISLA DE BEJUCAL,BABA,LOS RIOS,-79.63490870798397,-1.6882757596599378,111.41
4615,LA ESMERALDA,MONTALVO,LOS RIOS,-79.2746679460497,-1.7228411357341065,56.79
3015,PUERTO PECHICHE,PUEBLO VIEJO,LOS RIOS,-79.54064781697792,-1.429526380065755,81.62
3510,SAN JUAN,PUEBLO VIEJO,LOS RIOS,-79.55560379068353,-1.6413811930274564,102.22
4425,SAN CARLOS,QUEVEDO,LOS RIOS,-79.42325821922225,-1.114287567583784,83.83
4420,LA ESPERANZA,QUEVEDO,LOS RIOS,-79.40192791682432,-0.9785638387039157,39.4
3175,RICAURTE,URDANETA,LOS RIOS,-79.37491631592152,-1.5649957907599112,334.55
4330,ZAPOTAL,VENTANAS,LOS RIOS,-79.42057793696586,-1.3051611032908375,245.51
4590,CHACARITA,VENTANAS,LOS RIOS,-79.3510577413994,-1.3768359777601218,61.06
4585,LOS ANGELES,VENTANAS,LOS RIOS,-79.37650243563586,-1.4177336945880783,53.05
0140,ANTONIO SOTOMAYOR,VINCES,LOS RIOS,-79.79350947578492,-1.6609318132313289,138.41
0150,PATRICIA PILAR,BUENA FE,LOS RIOS,-79.41475767280856,-0.5965192578827242,166.21
0010,ABDON CALDERON,PORTOVIEJO,MANABI,-80.32475250354902,-1.0466579834796197,120.87
0050,ALHAJUELA / BAJO GRANDE,PORTOVIEJO,MANABI,-80.27604438749597,-1.060636294745379,31.08
0770,CRUCITA,PORTOVIEJO,MANABI,-80.53405602910274,-0.8872534368975895,61.93
2970,PUEBLO NUEVO,PORTOVIEJO,MANABI,-80.30564856945746,-0.9782638709660936,36.98
3185,RIO CHICO,PORTOVIEJO,MANABI,-80.39266726001227,-0.9879480908266094,90.95
3625,SAN PLACIDO,PORTOVIEJO,MANABI,-80.13355022924745,-1.0547741625619256,139.08
1925,CHIRIJOS,PORTOVIEJO,MANABI,-80.18808094884791,-1.0211239616811105,60.7
0240,MEMBRILLO,BOLIVAR,MANABI,-79.94525300242806,-0.8701511172045995,121.53
3110,QUIROGA,BOLIVAR,MANABI,-80.07762043101118,-0.9500190505378014,97.66
0380,BOYACA,CHONE,MANABI,-80.16656214318368,-0.5463708840986784,234.79
0495,CANUTO,CHONE,MANABI,-80.05652048292858,-0.8003142025551886,206.37
0640,CONVENTO,CHONE,MANABI,-79.99935649678952,-0.24039793939002177,299.09
0405,CHIBUNGA,CHONE,MANABI,-79.74667180771468,-0.05461586470724968,569.05
1160,ELOY ALFARO,CHONE,MANABI,-80.08012022543181,-0.4043135568204333,335.72
3170,RICAURTE,CHONE,MANABI,-79.95109703896937,-0.5556562327940543,398.8
3350,SAN ANTONIO / DEL PELUDO,CHONE,MANABI,-80.19540778504073,-0.6630816244276927,212.27
1070,WILFRIDO LOOR MOREIRA,EL CARMEN,MANABI,-79.64738696822258,-0.3307214097608106,290.36
1980,SAN PEDRO DE SUMA,EL CARMEN,MANABI,-79.56423563597038,-0.16673172416715173,188.97
3632,SANTA MARIA,EL CARMEN,MANABI,-79.62061130575029,-0.7273260389667997,339.11
3635,EL PARAISO / LA 14,EL CARMEN,MANABI,-79.50367375561957,-0.5413479695902345,167.33
1600,NOVILLO,FLAVIO ALFARO,MANABI,-79.80723839683604,-0.18099181931657565,259.75
1620,ZAPALLO,FLAVIO ALFARO,MANABI,-79.98132279495458,-0.454783957569756,100.39
0105,AMERICA / LA CERA,JIPIJAPA,MANABI,-80.51725659833735,-1.4286272259686803,90.13
1115,EL ANEGADO,JIPIJAPA,MANABI,-80.52835109086341,-1.500281416198033,116.7
1880,JULCUY,JIPIJAPA,MANABI,-80.64017447826953,-1.5003947504190298,298.87
0560,LA UNION,JIPIJAPA,MANABI,-80.45139454178798,-1.4367001677770164,47.6
4490,MEMBRILLAL,JIPIJAPA,MANABI,-80.67086456208033,-1.231213366428609,81.6
2810,PEDRO PABLO GOMEZ,JIPIJAPA,MANABI,-80.57774765654555,-1.6632467730234506,272.83
2990,PUERTO CAYO,JIPIJAPA,MANABI,-80.71474452344864,-1.3141590483526304,182.89
3550,SAN LORENZO,MANTA,MANABI,-80.82902801812027,-1.0603712046973064,162.04
1800,SANTA MARIANITA,MANTA,MANABI,-80.84634390110536,-1.0139628093606008,37.83
1545,LA PILA,MONTECRISTI,MANABI,-80.58512293506486,-1.1353439622566368,106.45
0460,CAMPOZANO,PAJAN,MANABI,-80.37592113418064,-1.625545604006332,239.28
0540,CASCOL,PAJAN,MANABI,-80.4731124051264,-1.7763778396255374,464.89
1395,GUALE / STO. DOMINGO,PAJAN,MANABI,-80.2725885779418,-1.6429116614332795,112.58
2090,LASCANO,PAJAN,MANABI,-80.25063404068582,-1.519494483052994,140.76
1065,BARRAGANETE,PICHINCHA,MANABI,-79.79331228860156,-0.7474233509038914,427.69
1060,SAN SEBASTIAN,PICHINCHA,MANABI,-79.97431235716373,-1.0781272297318294,146.08
0220,AYACUCHO,SANTA ANA,MANABI,-80.27691267399521,-1.1480210861020197,104.48
1610,HONORATO VASQUEZ,SANTA ANA,MANABI,-80.13878531804842,-1.1093569916728452,160.81
2135,LA UNION,SANTA ANA,MANABI,-80.17618766059431,-1.2221643456059255,240.0
1105,SAN PABLO,SANTA ANA,MANABI,-80.0555542845012,-1.2101333355887556,220.77
0840,CHARAPOTO,SUCRE,MANABI,-80.44570817580897,-0.7782705433370218,248.32
3445,SAN ISIDRO,SUCRE,MANABI,-80.2039972767647,-0.3653792247740373,276.16
0265,BACHILLERO,TOSAGUA,MANABI,-80.19608640904829,-0.7587663739957915,58.21
2030,ANGEL PEDRO GILER,TOSAGUA,MANABI,-80.24906305451191,-0.8377631094515653,75.04
0330,BELLAVISTA,24 DE MAYO,MANABI,-80.31754404769156,-1.3704682560404615,117.73
2555,NOBOA,24 DE MAYO,MANABI,-80.38719340837666,-1.4473230939039903,150.91
1570,ARQ. SIXTO DURAN BALLEN,24 DE MAYO,MANABI,-80.3124741968144,-1.4756968504052452,74.73
0580,COJIMIES,PEDERNALES,MANABI,-79.86418920696626,0.2229827698930224,871.37
1030,10 DE AGOSTO,PEDERNALES,MANABI,-80.05100126689703,-0.13371177480097673,231.32
0785,ATAHUALPA,PEDERNALES,MANABI,-79.96100718375736,-0.037797534208032786,170.2
2305,MACHALILLA,PUERTO LOPEZ,MANABI,-80.73930190245719,-1.4674376074759958,137.19
1920,SALANGO,PUERTO LOPEZ,MANABI,-80.80253535372097,-1.6372019874156742,87.09
0470,CANOA,SAN VICENTE,MANABI,-80.38433619313892,-0.40955926358944805,395.92
0065,ALSHI / 9 DE OCTUBRE,MORONA,MORONA SANTIAGO,-78.26241938601807,-2.2215474798164077,269.28
1345,GRAL. PROAÑO,MORONA,MORONA SANTIAGO,-78.13902535240436,-2.2533553657529315,73.33
3440,SAN ISIDRO,MORONA,MORONA SANTIAGO,-78.15089076176542,-2.1821458883721765,129.12
3830,SEVILLA DON BOSCO,MORONA,MORONA SANTIAGO,-77.88193304054826,-2.4738322632499843,2246.35
4485,SINAI,MORONA,MORONA SANTIAGO,-78.18375222326583,-2.0736056153299125,405.36
4360,ZUNAC,MORONA,MORONA SANTIAGO,-78.4033941935045,-2.195055410618418,624.98
1250,CUCHAENTZA,MORONA,MORONA SANTIAGO,-77.84821590350066,-2.1587913193421655,345.13
1730,RIO BLANCO,MORONA,MORONA SANTIAGO,-78.33299113796916,-2.339669721695467,225.07
0090,AMAZONAS,GUALAQUIZA,MORONA SANTIAGO,-78.79207774329032,-3.430661936977308,286.35
0340,BERMEJOS,GUALAQUIZA,MORONA SANTIAGO,-78.74305046789853,-3.263131714607048,104.26
0350,BOMBOIZA,GUALAQUIZA,MORONA SANTIAGO,-78.52788844177647,-3.466576418048672,682.54
0880,CHIGUINDA,GUALAQUIZA,MORONA SANTIAGO,-78.70952832675695,-3.1875510250886934,161.48
3225,ROSARIO,GUALAQUIZA,MORONA SANTIAGO,-78.65007665830771,-3.2404745843738914,134.85
2565,NUEVA TARQUI,GUALAQUIZA,MORONA SANTIAGO,-78.69701375389717,-3.4407743844465384,54.77
3580,SAN MIGUEL DE CUYES,GUALAQUIZA,MORONA SANTIAGO,-78.85628339230975,-3.3182049258395176,271.05
1910,EL IDEAL,GUALAQUIZA,MORONA SANTIAGO,-78.67124282034152,-3.380467257291037,98.92
1720,INDANZA,LIMON INDANZA,MORONA SANTIAGO,-78.47717771558256,-3.0541397630024263,69.92
3320,SAN ANTONIO,LIMON INDANZA,MORONA SANTIAGO,-78.24497570427671,-3.1256252941460714,802.06
3250,SAN MIGUEL DE CONCHAY,LIMON INDANZA,MORONA SANTIAGO,-78.40173138540531,-3.1334660234628897,129.28
3760,SANTA SUSANA DE CHIVIAZA,LIMON INDANZA,MORONA SANTIAGO,-78.30126418018237,-2.918343195347726,284.8
4305,YUNGANZA 7 EL ROSARIO,LIMON INDANZA,MORONA SANTIAGO,-78.47766253515584,-2.8871237723149985,257.34
0155,ARAPICOS,PALORA,MORONA SANTIAGO,-78.03362606968778,-1.8327986211285259,213.73
0715,CUMANDA,PALORA,MORONA SANTIAGO,-78.19511769151813,-1.5924647473607556,822.21
3420,SANGAY,PALORA,MORONA SANTIAGO,-78.04726584560585,-1.7584591457468108,202.21
1685,16 DE AGOSTO,PALORA,MORONA SANTIAGO,-77.89218011496162,-1.7753375770786761,92.32
0645,COPAL,SANTIAGO,MORONA SANTIAGO,-78.49128353458175,-2.7567689702797415,443.36
0970,CHUPIANZA,SANTIAGO,MORONA SANTIAGO,-78.38675324262827,-2.779057661964636,100.99
2795,PATUCA,SANTIAGO,MORONA SANTIAGO,-78.21204753929477,-2.8416620457320882,256.86
3565,SAN LUIS DEL ACHO,SANTIAGO,MORONA SANTIAGO,-78.32559571347136,-2.7916796524641367,57.36
4115,TAYUZA,SANTIAGO,MORONA SANTIAGO,-78.27566864579306,-2.6588818635869846,94.73
1365,SAN FCO. DE CHINIMBIMI,SANTIAGO,MORONA SANTIAGO,-78.19748497907574,-2.709561667547414,127.05
0180,ASUNCION,SUCUA,MORONA SANTIAGO,-78.30990865553673,-2.525608827459695,196.04
1635,HUAMBI,SUCUA,MORONA SANTIAGO,-78.10017287634435,-2.5611759145981616,223.01
1140,SANTA MARIANITA DE JESUS,SUCUA,MORONA SANTIAGO,-78.19739393232419,-2.395619313927763,58.32
0875,CHIGUAZA,HUAMBOYA,MORONA SANTIAGO,-77.97082374955299,-2.0103978008982897,471.81
2750,PAN DE AZUCAR,SAN JUAN BOSCO,MORONA SANTIAGO,-78.57940613846212,-3.076540332418603,150.04
3920,SAN CARLOS DE LIMON,SAN JUAN BOSCO,MORONA SANTIAGO,-78.29297379442198,-3.3109353984953747,679.42
0710,SAN JACINTO DE WAKAMBEIS,SAN JUAN BOSCO,MORONA SANTIAGO,-78.49303316925123,-3.283932811321465,44.49
1785,SANTIAGO DE PANANZA,SAN JUAN BOSCO,MORONA SANTIAGO,-78.48016552544274,-3.201371181284123,87.58
0595,HUASAGA /WAMPUIK,TAISHA,MORONA SANTIAGO,-77.04304298595196,-2.5250083318723715,1252.86
2285,MACUMA,TAISHA,MORONA SANTIAGO,-77.64686910610993,-2.1984290762158705,1268.69
1205,TUTINENTZA,TAISHA,MORONA SANTIAGO,-77.51030585323832,-2.6908318375660527,959.0
4575,PUMPUENTSA,TAISHA,MORONA SANTIAGO,-77.27535539059203,-2.608606772137594,1328.66
4300,YAUPI,LOGROÑO,MORONA SANTIAGO,-78.0081666456064,-2.810579810592218,858.79
0525,SHIMPIS,LOGROÑO,MORONA SANTIAGO,-78.11716084058257,-2.6656414436635525,265.01
1295,SAN JOSE DE MORONA,TIWINTZA,MORONA SANTIAGO,-77.74511921942405,-2.888999517969687,532.39
0475,CANELOS,PASTAZA,PASTAZA,-77.72031967717778,-1.5755939301608135,453.45
1025,10 DE AGOSTO,PASTAZA,PASTAZA,-77.87548973633513,-1.438833197306454,94.63
1260,FATIMA,PASTAZA,PASTAZA,-77.97512457076569,-1.4151675122991045,71.08
2450,MONTALVO / ANDOAS,PASTAZA,PASTAZA,-76.9120095241496,-1.9313522532682708,7949.04
3055,POMONA,PASTAZA,PASTAZA,-77.89216143946693,-1.6455844486593756,55.18
3180,RIO CORRIENTES,PASTAZA,PASTAZA,-76.56669723734481,-2.3385124215549014,1098.26
3195,RIO TIGRE,PASTAZA,PASTAZA,-76.24771786163917,-1.9069708859163828,5643.07
3785,ZARAYACU,PASTAZA,PASTAZA,-77.43411702580899,-1.8043160476315936,2855.78
4510,SIMON BOLIVAR,PASTAZA,PASTAZA,-77.6886647014421,-1.896845249540997,1026.51
3985,TARQUI,PASTAZA,PASTAZA,-77.96572464316644,-1.5684570450326378,93.05
4005,TNTE. HUGO ORTIZ,PASTAZA,PASTAZA,-77.93633756180486,-1.3626876715353298,104.86
4205,VERACRUZ,PASTAZA,PASTAZA,-77.88781350420199,-1.529937582943319,170.03
1275,EL TRIUNFO,PASTAZA,PASTAZA,-77.76952933701186,-1.4314846066044447,237.28
2310,MADRE TIERRA,MERA,PASTAZA,-78.00567835314756,-1.6056643087132256,136.56
3840,SHELL,MERA,PASTAZA,-78.0666092891551,-1.489579125160721,24.26
2100,SAN JOSE,SANTA CLARA,PASTAZA,-77.88158889682967,-1.3351382822901037,69.16
0735,CURARAY,ARAJUNO,PASTAZA,-76.69441493241048,-1.3533783218362152,8220.17
0095,AMBATILLO,AMBATO,TUNGURAHUA,-78.66176791898178,-1.220125119349095,12.79
0190,ATAHUALPA / CHIPZALATA,AMBATO,TUNGURAHUA,-78.6028680586174,-1.20477635954408,9.47
0210,AUGUSTO N MARTINEZ,AMBATO,TUNGURAHUA,-78.62738904196239,-1.1655933374300835,30.74
0635,CONSTANTINO FERNANDEZ,AMBATO,TUNGURAHUA,-78.6411779048825,-1.1853940213128242,19.65
1625,HUACHI GRANDE,AMBATO,TUNGURAHUA,-78.64020860182858,-1.3089315096009437,14.15
1745,IZAMBA,AMBATO,TUNGURAHUA,-78.57286752177596,-1.217904799081709,29.45
1860,JUAN BENIGNO VELA,AMBATO,TUNGURAHUA,-78.72007459020874,-1.332317460882081,36.33
2435,MONTALVO,AMBATO,TUNGURAHUA,-78.62312095276462,-1.3249217599240688,10.45
2775,PASA,AMBATO,TUNGURAHUA,-78.73776807046967,-1.2422722284375407,48.13
2830,PICAYHUA,AMBATO,TUNGURAHUA,-78.57815488637793,-1.2768972164945904,15.97
2860,PILAHUIN,AMBATO,TUNGURAHUA,-78.83639147979817,-1.3462408886982609,425.97
3120,QUISAPINCHA,AMBATO,TUNGURAHUA,-78.71637058842092,-1.1925496336613945,122.15
3355,SAN BARTOLOME,AMBATO,TUNGURAHUA,-78.65232416334166,-1.2073008840459845,11.07
3380,SAN FERNANDO,AMBATO,TUNGURAHUA,-78.80004743870475,-1.2228556329262255,106.05
3730,SANTA ROSA,AMBATO,TUNGURAHUA,-78.6811641874016,-1.3090182106706973,39.73
4065,TOTORAS,AMBATO,TUNGURAHUA,-78.60581745778816,-1.3072252921770762,7.66
0800,CUNCHIBAMBA,AMBATO,TUNGURAHUA,-78.59260771137545,-1.1318134198474665,20.11
0810,UNAMUNCHO,AMBATO,TUNGURAHUA,-78.58894879755486,-1.1661670608409929,15.44
2270,LLIGUA,BAÑOS,TUNGURAHUA,-78.44781632757281,-1.3821931423418083,8.86
3190,RIO NEGRO,BAÑOS,TUNGURAHUA,-78.2154627699378,-1.3019277331479777,629.74
3200,RIO VERDE,BAÑOS,TUNGURAHUA,-78.31990004684542,-1.3724274780679442,250.25
4135,ULBA,BAÑOS,TUNGURAHUA,-78.37617534646107,-1.3834085734897499,95.45
4555,PINGUILI,MOCHA,TUNGURAHUA,-78.62500777399407,-1.3921037039820479,5.9
4110,EL TRIUNFO,PATATE,TUNGURAHUA,-78.3865369944115,-1.2633988958576037,140.47
2210,LOS ANDES,PATATE,TUNGURAHUA,-78.48921236655849,-1.2435197387750716,16.31
3885,SUCRE,PATATE,TUNGURAHUA,-78.45444762086498,-1.2521756224079164,56.47
4550,RUMIPAMBA,QUERO,TUNGURAHUA,-78.63410635053555,-1.4534171667107365,35.26
4310,YANAYACU MOCHAPATA,QUERO,TUNGURAHUA,-78.67493172385197,-1.466618281220934,39.46
0335,BENITEZ / PACHANLICA,PELILEO,TUNGURAHUA,-78.58384493482608,-1.3409730742955421,5.17
0365,BOLIVAR,PELILEO,TUNGURAHUA,-78.55093541053752,-1.3854743353126755,10.79
0675,COTALO,PELILEO,TUNGURAHUA,-78.50541920074036,-1.4377139789211524,44.63
0900,CHIQUICHA,PELILEO,TUNGURAHUA,-78.5369435988507,-1.2549060349340784,15.99
1185,EL ROSARIO / RUMICHACA,PELILEO,TUNGURAHUA,-78.55610393305038,-1.2832481739485289,11.62
1320,GARCIA MORENO,PELILEO,TUNGURAHUA,-78.54067939050015,-1.303186000164637,15.67
1630,HUAMBALO,PELILEO,TUNGURAHUA,-78.52785524283361,-1.3978767849140052,25.64
3905,SALASACA,PELILEO,TUNGURAHUA,-78.57543072727937,-1.3167573202972955,12.5
0295,BAQUERIZO MORENO,PILLARO,TUNGURAHUA,-78.4578649156485,-1.2065228953432485,26.52
1210,EMILIO MARIA TERAN,PILLARO,TUNGURAHUA,-78.49861611360504,-1.2127393193031475,16.76
2375,MARCOS ESPINEL,PILLARO,TUNGURAHUA,-78.41181463198019,-1.1564685249432483,126.31
2945,PRESIDENTE URBINA,PILLARO,TUNGURAHUA,-78.55655091978144,-1.1462841281518212,12.58
3300,SAN ANDRES,PILLARO,TUNGURAHUA,-78.53588305041927,-1.0972717974418154,53.16
3485,SAN JOSE DE POALO,PILLARO,TUNGURAHUA,-78.40535560324864,-1.0712423445313726,163.32
3585,SAN MIGUELITO,PILLARO,TUNGURAHUA,-78.52049599070858,-1.2008765114804152,22.04
1375,QUINCHICOTO,TISALEO,TUNGURAHUA,-78.67312189483013,-1.3884422597673718,11.29
1235,DAYUMA,FCO.DE ORELLANA,ORELLANA,-76.77786830636981,-0.7127546317966813,1237.78
1245,TARACOA,FCO.DE ORELLANA,ORELLANA,-76.7808633861695,-0.5442338989682636,408.04
1995,ALEJANDRO LABAKA,FCO.DE ORELLANA,ORELLANA,-76.50325776554001,-0.6064959904154397,982.12
1560,EL DORADO,FCO.DE ORELLANA,ORELLANA,-76.92029705058927,-0.5328153291646297,135.88
1590,EL EDEN,FCO.DE ORELLANA,ORELLANA,-76.19242285246092,-0.5688426945192568,871.84
1810,GARCIA MORENO,FCO.DE ORELLANA,ORELLANA,-77.02224536326025,-0.568175518869633,132.07
1565,INES ARANGO,FCO.DE ORELLANA,ORELLANA,-76.8233184157325,-0.9765661216052273,1479.44
1820,LA BELLEZA,FCO.DE ORELLANA,ORELLANA,-77.0719906658141,-0.7716662415622827,608.36
1940,NUEVO PARAISO,FCO.DE ORELLANA,ORELLANA,-77.11604475112496,-0.3371888619728819,307.73
1945,SAN JOSE DE GUAYUSA,FCO.DE ORELLANA,ORELLANA,-77.1739743043291,-0.18445240549231703,457.58
1935,SAN LUIS DE ARMENIA,FCO.DE ORELLANA,ORELLANA,-77.15941261820134,-0.41019492208942665,313.48
0510,CAP. AUGUSTO RIVADENEIRA,AGUARICO,ORELLANA,-75.83719361454756,-0.5577534649303135,931.06
0630,CONONACO,AGUARICO,ORELLANA,-76.04307221213308,-1.0595191976548126,7124.36
3720,STA. MARIA DE HUIRRIMA,AGUARICO,ORELLANA,-75.6331010362769,-0.6362817299673544,647.77
4295,YASUNI,AGUARICO,ORELLANA,-75.34917649878132,-0.7670756768683388,849.51
0490,ENOKANQUI,JOYA DE LOS SACHAS,ORELLANA,-76.83871340993181,-0.22846996131433212,76.07
2930,POMPEYA,JOYA DE LOS SACHAS,ORELLANA,-76.68223651101265,-0.4164676443072084,97.95
0415,SAN CARLOS,JOYA DE LOS SACHAS,ORELLANA,-76.8927076177967,-0.39785441826156176,133.67
3660,SAN SEBASTIAN DE COCA,JOYA DE LOS SACHAS,ORELLANA,-77.02334902228095,-0.22253429869329555,282.19
1960,LAGO SAN PEDRO,JOYA DE LOS SACHAS,ORELLANA,-76.92663169435042,-0.24539830784539368,76.67
1950,RUMIPAMBA,JOYA DE LOS SACHAS,ORELLANA,-76.95902787150875,-0.10160896893469494,73.2
1955,TRES DE NOVIEMBRE,JOYA DE LOS SACHAS,ORELLANA,-76.92697947769672,-0.16500459054153313,124.7
1965,UNION MILAGREÑA,JOYA DE LOS SACHAS,ORELLANA,-76.78074637819684,-0.3885106675676238,145.75
0215,AVILA,LORETO,ORELLANA,-77.37838848415869,-0.6676637935957646,330.88
1050,PUERTO MURIALDO,LORETO,ORELLANA,-77.16833135581916,-0.6509023572292083,190.37
3480,SAN JOSE DE PAYAMINO,LORETO,ORELLANA,-77.31758366540711,-0.5157295079868159,841.16
1680,SAN JOSE DE DAHUANO,LORETO,ORELLANA,-77.41594436054842,-0.8223166646012324,501.64
0400,SAN VICENTE DE HUATICOCHA,LORETO,ORELLANA,-77.51064833136468,-0.6793837724759925,191.99
0075,ALLURIQUIN,SANTO DOMINGO,STO DGO TSACHILAS,-78.94658650330037,-0.29585447680998744,678.06
4440,PUERTO LIMON,SANTO DOMINGO,STO DGO TSACHILAS,-79.35883325970387,-0.35323708745505894,244.37
1755,LUZ DE AMERICA,SANTO DOMINGO,STO DGO TSACHILAS,-79.33899105260515,-0.46321996359145745,310.88
1970,SAN JACINTO DEL BUA,SANTO DOMINGO,STO DGO TSACHILAS,-79.41697618023188,-0.1472742105451565,204.15
0305,VALLE HERMOSO,SANTO DOMINGO,STO DGO TSACHILAS,-79.24208771683416,-0.06495819126139259,310.25
1990,EL ESFUERZO,SANTO DOMINGO,STO DGO TSACHILAS,-79.20867363789206,-0.4627878161163632,282.76
2045,SANTA MARIA DEL TOACHI,SANTO DOMINGO,STO DGO TSACHILAS,-79.2328679043975,-0.583989844041091,351.86
4635,MONTERREY,LA CONCORDIA,STO DGO TSACHILAS,-79.53871113209327,-0.0567302192828824,102.16
4640,LA VILLEGAS,LA CONCORDIA,STO DGO TSACHILAS,-79.44883885491369,-0.07682504167918763,58.54
4645,PLAN PILOTO,LA CONCORDIA,STO DGO TSACHILAS,-79.3764573664296,-0.06260622196660404,82.58
0,ISLA,ISLA,ISLA,-80.59626604476351,-0.7007991716254608,11.02
1255,FACUNDO VELA,GUARANDA,BOLIVAR,-79.10633440171121,-1.2177626150669354,117.76
1890,JULIO E MORENO,GUARANDA,BOLIVAR,-79.09288677507021,-1.5744709756077273,83.29
3285,SALINAS,GUARANDA,BOLIVAR,-79.09944464624134,-1.38523706945094,465.79
3545,SAN LORENZO,GUARANDA,BOLIVAR,-78.92961601126768,-1.6851860317420775,91.68
3670,SAN SIMON,GUARANDA,BOLIVAR,-78.93228423156289,-1.6370230587330687,83.14
3710,SANTA FE,GUARANDA,BOLIVAR,-79.0331315577835,-1.6137568107238665,25.99
3860,SIMIATUG,GUARANDA,BOLIVAR,-78.98474050784228,-1.2743042988595417,296.55
0795,SAN LUIS DE PAMBIL,GUARANDA,BOLIVAR,-79.20197258544012,-1.2380132378836488,187.91
3500,SAN JOSE DE TAMBO,CHILLANES,BOLIVAR,-79.19302846949827,-2.029619596308653,249.57
0170,ASUNCION,CHIMBO,BOLIVAR,-79.06076558310028,-1.6388520287415853,34.9
2315,MAGDALENA/CHAPACOTO,CHIMBO,BOLIVAR,-79.0937571065356,-1.6733534306569888,43.56
3655,SAN SEBASTIAN,CHIMBO,BOLIVAR,-79.05256796071951,-1.6869389693107293,10.57
3995,TELIMBELA,CHIMBO,BOLIVAR,-79.1973002773532,-1.6819180132787632,166.15
0275,BALZAPAMBA,SAN MIGUEL,BOLIVAR,-79.15301556904157,-1.755676865478866,114.08
0345,BILOVAN,SAN MIGUEL,BOLIVAR,-79.1593569832175,-1.8247012207011404,138.98
4515,REGULO DE MORA,SAN MIGUEL,BOLIVAR,-79.19980101815672,-1.8900026856823473,84.67
3595,SAN PABLO DE ATENAS,SAN MIGUEL,BOLIVAR,-79.06922614655488,-1.8164421801485267,76.13
3775,SANTIAGO,SAN MIGUEL,BOLIVAR,-78.95245853908347,-1.722348095913359,50.01
3900,SAN VICENTE,SAN MIGUEL,BOLIVAR,-78.99285880579343,-1.7420960936992371,28.42
6630,GUANUJO,GUARANDA,BOLIVAR,-78.95073560080026,-1.4938465144843502,247.8
5035,ANGEL POLIVIO CHAVEZ,GUARANDA,BOLIVAR,-79.10719058395284,-1.515302918285822,201.94
5375,GABRIEL I VEINTIMILLA,GUARANDA,BOLIVAR,-78.9411152702097,-1.585915321117484,58.33
5245,CHILLANES,CHILLANES,BOLIVAR,-79.08448258423799,-2.0092553136464777,420.61
5975,SAN JOSE DE CHIMBO,CHIMBO,BOLIVAR,-79.01941587521253,-1.6661911233942994,14.67
5350,ECHEANDIA,ECHEANDIA,BOLIVAR,-79.26380116431278,-1.453178337420952,244.93
5995,SAN MIGUEL,SAN MIGUEL,BOLIVAR,-79.04272367372954,-1.7724794920534985,93.73
6340,CALUMA / SAN ANTONIO/,CALUMA,BOLIVAR,-79.21829345240361,-1.6084015833854077,175.55
6475,LAS MERCEDES,LAS NAVES,BOLIVAR,-79.3198272371104,-1.2886859746077246,1.47
6470,LAS NAVES,LAS NAVES,BOLIVAR,-79.29186843101071,-1.285925483582441,148.75
6425,DELEG,DELEG,CAÑAR,-78.94416050263612,-2.7497994607674956,56.7
6845,AURELIO BAYAS MARTINEZ,AZOGUES,CAÑAR,-78.80589226264078,-2.6885345235699023,31.09
5115,BIBLIAN,BIBLIAN,CAÑAR,-78.90976070041935,-2.6686507763720755,61.09
5160,CAÑAR,CAÑAR,CAÑAR,-78.98431920494798,-2.5445857997742563,76.11
5610,LA TRONCAL,LA TRONCAL,CAÑAR,-79.2906359345029,-2.4235749118829713,156.68
6345,EL TAMBO,EL TAMBO,CAÑAR,-78.91894292804784,-2.491837843358581,63.1
6715,SUSCAL,SUSCAL,CAÑAR,-79.06520204548268,-2.4647297250293647,53.31
5065,AZOGUES,AZOGUES,CAÑAR,-78.85084554889484,-2.7413026826511624,16.51
6790,BORRERO,AZOGUES,CAÑAR,-78.84200687838796,-2.770769033780876,8.94
5950,SAN FRANCISCO,AZOGUES,CAÑAR,-78.81668994553414,-2.7273688853470968,8.22
5010,ALAUSI,ALAUSI,CHIMBORAZO,-78.85217286430144,-2.1860151803741195,53.09
5475,CHAMBO,CHAMBO,CHIMBORAZO,-78.53828312473608,-1.7510661759899004,166.19
5255,CHUNCHI,CHUNCHI,CHIMBORAZO,-78.87252366267082,-2.3307723985502564,126.9
5430,GUAMOTE,GUAMOTE,CHIMBORAZO,-78.70672478400235,-1.9836332926641722,385.82
6540,PALLATANGA,PALLATANGA,CHIMBORAZO,-78.93045696541135,-2.0172090652955315,380.1
5740,PENIPE,PENIPE,CHIMBORAZO,-78.50523722994589,-1.584716996614804,31.6
6420,CUMANDA,CUMANDA,CHIMBORAZO,-79.08098431333829,-2.214282603363695,159.47
5145,CAJABAMBA,COLTA,CHIMBORAZO,-78.79764446636113,-1.7354759219952127,217.98
6080,SICALPA,COLTA,CHIMBORAZO,-78.77093870723786,-1.6998789198043784,1.91
5550,LA MATRIZ,GUANO,CHIMBORAZO,-78.6071580010697,-1.5970057107161584,70.27
5940,SAN BUENAVENTURA,LATACUNGA,COTOPAXI,-78.55796349122885,-0.8911007544304249,44.64
5500,JUAN MONTALVO,LATACUNGA,COTOPAXI,-78.51361660086069,-0.9095842548929031,75.31
5555,LA MATRIZ,LATACUNGA,COTOPAXI,-78.61813631756911,-0.9287843330068476,1.94
5310,ELOY ALFARO / SAN FELIPE,LATACUNGA,COTOPAXI,-78.63970757071306,-0.9316408837406264,49.13
5465,IGNACIO FLORES,LATACUNGA,COTOPAXI,-78.52303399686845,-0.9497299645740739,95.31
6880,EL CARMEN,LA MANA,COTOPAXI,-79.22578078765132,-0.8881919253329785,117.66
6535,LA MANA,LA MANA,COTOPAXI,-79.18700870139777,-0.9688228467699352,53.15
6895,EL TRIUNFO,LA MANA,COTOPAXI,-79.2752294496636,-0.9658499601295754,60.16
5305,EL CORAZON,PANGUA,COTOPAXI,-79.03745019185081,-1.143349253172345,162.58
5820,PUJILI,PUJILI,COTOPAXI,-78.72967327917516,-0.9985569441013953,295.13
6000,SAN MIGUEL DE SALCEDO,SALCEDO,COTOPAXI,-78.4979822855086,-1.023758659774928,193.18
6070,SAQUISILI,SAQUISILI,COTOPAXI,-78.69470431696188,-0.8366561718906971,41.35
6450,SIGCHOS,SIGCHOS,COTOPAXI,-78.91218360279865,-0.617777894617318,775.65
5045,ATOCHA FICOA,AMBATO,TUNGURAHUA,-78.63295337225412,-1.235776314625339,3.67
5605,LA PENINSULA,AMBATO,TUNGURAHUA,-78.60759444874753,-1.2372068108495007,3.84
5560,LA MERCED,AMBATO,TUNGURAHUA,-78.6174813959471,-1.2343212835333557,2.01
5945,SAN FRANCISCO,AMBATO,TUNGURAHUA,-78.6275600744801,-1.2387771568903072,0.51
5445,HUACHI LORETO,AMBATO,TUNGURAHUA,-78.6202845236605,-1.2475042103991512,3.14
5545,LA MATRIZ,AMBATO,TUNGURAHUA,-78.63930533652976,-1.2575256273846078,3.93
5455,HUACHI CHICO,AMBATO,TUNGURAHUA,-78.63755635838042,-1.279640511862168,5.96
5230,CELIANO MONGE,AMBATO,TUNGURAHUA,-78.62458132665442,-1.27008364674899,5.26
5840,PISHILATA,AMBATO,TUNGURAHUA,-78.59625869361703,-1.2618108358131654,18.69
5105,BAÑOS,BAÑOS,TUNGURAHUA,-78.4267813116648,-1.429270021590197,84.15
6555,CEVALLOS,CEVALLOS,TUNGURAHUA,-78.61253525898853,-1.3507464085606995,18.78
6560,MOCHA,MOCHA,TUNGURAHUA,-78.69887636962663,-1.4193514382710226,79.32
5830,PATATE,PATATE,TUNGURAHUA,-78.47566733297111,-1.333156805902019,79.36
5835,QUERO,QUERO,TUNGURAHUA,-78.58692039604894,-1.4329052000622173,94.45
5900,PELILEO GRANDE /R. MINO,PELILEO,TUNGURAHUA,-78.54456732252996,-1.331007224048833,5.01
5780,PELILEO,PELILEO,TUNGURAHUA,-78.52661573139781,-1.3515638605453248,52.58
5785,PILLARO,PILLARO,TUNGURAHUA,-78.49552859481973,-1.1460887074657413,35.36
5225,CIUDAD NUEVA,PILLARO,TUNGURAHUA,-78.55318152620883,-1.1819762125363278,13.97
5515,TISALEO,TISALEO,TUNGURAHUA,-78.68240398952419,-1.3618375199491486,48.35
5665,MONTECRISTI,MONTECRISTI,MANABI,-80.68224918923721,-1.1428681746738318,278.76
5755,PAJAN,PAJAN,MANABI,-80.45814533729327,-1.5502927693754815,142.26
6550,PICHINCHA /GERMUD,PICHINCHA,MANABI,-79.84703996848965,-0.9514320584991163,500.8
5885,ROCAFUERTE,ROCAFUERTE,MANABI,-80.41057334739325,-0.9078402476231223,278.5
6030,SANTA ANA,SANTA ANA,MANABI,-80.32286004651665,-1.2427372713705958,202.46
5580,LEONIDAS PLAZA G.,SUCRE,MANABI,-80.40049509152742,-0.6841501974467082,139.61
6170,TOSAGUA,TOSAGUA,MANABI,-80.29724797238826,-0.7673216857184735,248.05
6105,SUCRE,24 DE MAYO,MANABI,-80.43358617580596,-1.293273437788581,202.8
6430,PEDERNALES,PEDERNALES,MANABI,-79.86154344585565,0.06359541935821841,696.57
6495,OLMEDO /PUCA,OLMEDO,MANABI,-80.21339871290772,-1.3625164510653642,256.89
6575,PUERTO LOPEZ,PUERTO LOPEZ,MANABI,-80.73620285977326,-1.5967469676541826,205.04
6750,JAMA,JAMA,MANABI,-80.22825388102243,-0.22084973435603578,568.1
6755,JARAMIJO,JARAMIJO,MANABI,-80.60470406729847,-0.9753841311736462,96.54
6785,SAN VICENTE,SAN VICENTE,MANABI,-80.32993463865978,-0.5563820799056692,340.87
5845,PICOAZA,PORTOVIEJO,MANABI,-80.5153808919409,-1.003157317935786,95.32
6770,18 DE OCTUBRE,PORTOVIEJO,MANABI,-80.47340682268492,-1.030663122105135,15.38
5280,12 DE MARZO,PORTOVIEJO,MANABI,-80.44929792489044,-1.0243444014783905,17.55
6585,SAN PABLO,PORTOVIEJO,MANABI,-80.44545874432077,-1.0475040625859986,0.56
5795,PORTOVIEJO,PORTOVIEJO,MANABI,-80.45172214691749,-1.0591477013541315,0.67
6775,FRANCISCO PACHECO,PORTOVIEJO,MANABI,-80.4142933030895,-1.055557105874844,25.77
6910,SIMON BOLIVAR,PORTOVIEJO,MANABI,-80.43102700432156,-1.089785869540644,4.24
5030,ANDRES DE VERA,PORTOVIEJO,MANABI,-80.48945855215669,-1.1103689624678155,117.54
5265,COLON,PORTOVIEJO,MANABI,-80.4125891959636,-1.1338229920089717,138.01
5150,CALCETA,BOLIVAR,MANABI,-80.05324883460875,-0.9109001720385121,304.39
5250,CHONE,CHONE,MANABI,-80.09847927050103,-0.6763573056052413,117.96
6055,SANTA RITA,CHONE,MANABI,-79.85082635183693,-0.6594846650234608,687.84
6195,4 DE DICIEMBRE,EL CARMEN,MANABI,-79.50735031357279,-0.2424595335744394,27.22
5300,EL CARMEN,EL CARMEN,MANABI,-79.53947049365755,-0.39572781195761775,727.76
5480,FLAVIO ALFARO,FLAVIO ALFARO,MANABI,-79.80379505446948,-0.34861825534760116,986.41
7465,DR. MIGUEL MORAN LUCIO,JIPIJAPA,MANABI,-80.57083789032039,-1.3398989945389994,5.07
7475,SAN LORENZO DE JIPIJAPA,JIPIJAPA,MANABI,-80.57936820274917,-1.3552009186767668,5.32
7470,MANUEL INOCENCIO PARRALES,JIPIJAPA,MANABI,-80.59588968058605,-1.3607315424498772,3.8
5485,JIPIJAPA,JIPIJAPA,MANABI,-80.56248703627777,-1.303561448070884,370.82
5505,JUNIN,JUNIN,MANABI,-80.19571851691641,-0.9437173268669946,266.96
5635,MANTA,MANTA,MANABI,-80.75136446057215,-0.9787375313712813,41.73
6135,SAN MATEO,MANTA,MANABI,-80.80388277484684,-0.9667367914480681,14.26
6155,TARQUI,MANTA,MANABI,-80.72199930090684,-0.9730783220251342,13.34
6745,ELOY ALFARO,MANTA,MANABI,-80.70649549232613,-0.9829254899517219,4.52
5570,LOS ESTEROS,MANTA,MANABI,-80.68348487403779,-0.957967240828547,16.36
7500,GENERAL ELOY ALFARO DELGA,MONTECRISTI,MANABI,-80.68173355042289,-0.9873354636483986,5.08
7495,LEONIDAS PROAÑO,MONTECRISTI,MANABI,-80.70666241072946,-1.004720509603031,8.66
7460,ANIBAL SAN ANDRES,MONTECRISTI,MANABI,-80.61675430080781,-1.0237402319326532,64.03
7490,COLORADO,MONTECRISTI,MANABI,-80.7731390431794,-1.1180186121998612,242.05
6725,LODANA,SANTA ANA,MANABI,-80.42828378732875,-1.1918118039308205,90.56
5095,BAHIA DE CARAQUEZ,SUCRE,MANABI,-80.37025193289135,-0.6456782290947807,28.9
6835,EL SALTO,BABAHOYO,LOS RIOS,-79.53706723917533,-1.7955923947258094,0.73
6830,BARREIRO /SANTA RITA,BABAHOYO,LOS RIOS,-79.49131898455087,-1.7826467983749668,8.62
5215,CLEMENTE BAQUERIZO,BABAHOYO,LOS RIOS,-79.47851800571053,-1.8423215024375388,99.37
5085,BABA,BABA,LOS RIOS,-79.68574927311055,-1.7996521284131266,171.78
5640,MONTALVO /SABANETA,MONTALVO,LOS RIOS,-79.3276150488767,-1.8234640236464021,298.45
5800,PUEBLO VIEJO,PUEBLO VIEJO,LOS RIOS,-79.5405024685129,-1.5422935959023276,150.4
6645,NICOLAS INFANTE DIAZ,QUEVEDO,LOS RIOS,-79.45617636100906,-0.976971759851157,17.53
6640,VENUS DEL RIO QUEVEDO,QUEVEDO,LOS RIOS,-79.51573670334018,-0.978684194627149,77.33
6635,SAN CRISTOBAL,QUEVEDO,LOS RIOS,-79.42415876031819,-1.0184598355804033,39.83
6115,SAN CAMILO,QUEVEDO,LOS RIOS,-79.44844461037063,-1.039720259362453,9.21
5855,QUEVEDO,QUEVEDO,LOS RIOS,-79.46740677626056,-1.0275268398092547,1.51
6660,VIVA ALFARO,QUEVEDO,LOS RIOS,-79.45551147746801,-1.0670740204929314,14.9
6655,SIETE DE OCTUBRE,QUEVEDO,LOS RIOS,-79.4775205475856,-1.0623847040169636,8.68
6650,GUAYACAN,QUEVEDO,LOS RIOS,-79.53118430286425,-1.065013024375615,37.65
6690,24 DE MAYO,QUEVEDO,LOS RIOS,-79.53392813945474,-1.0341022531251631,48.96
5185,CATARAMA,URDANETA,LOS RIOS,-79.48186299917687,-1.5838241500626602,50.26
7480,10 NOVIEMBRE,VENTANAS,LOS RIOS,-79.4606078019651,-1.439279322580137,3.26
6235,VENTANAS,VENTANAS,LOS RIOS,-79.44399114512356,-1.4562640454976423,149.89
6245,VINCES,VINCES,LOS RIOS,-79.71703294459873,-1.48924209437733,572.93
6330,PALENQUE,PALENQUE,LOS RIOS,-79.71669400707626,-1.3334546171433461,569.22
6465,SN JACINTO DE BUENA FE,BUENA FE,LOS RIOS,-79.50915183690569,-0.7721902022206835,415.02
6685,VALENCIA,VALENCIA,LOS RIOS,-79.30642094476514,-0.7755022390681403,969.81
6695,MOCACHE,MOCACHE,LOS RIOS,-79.54986384376922,-1.1895814677972953,565.6
6915,QUINSALOMA,QUINSALOMA,LOS RIOS,-79.35580482805234,-1.141248504263545,288.88
5285,DR. CAMILO PONCE E.,BABAHOYO,LOS RIOS,-79.54661333129374,-1.8760084946138122,60.55
6150,TARQUI,GUAYAQUIL,GUAYAS,-80.10269439513729,-2.280789751732317,1574.91
6545,A.BAQUERIZO M /JUJAN,A. BAQUERIZO MORENO,GUAYAS,-79.55061404449093,-1.9462792482717057,228.4
5470,BALAO,BALAO,GUAYAS,-79.725654803135,-2.8932116804255084,438.89
5100,BALZAR,BALZAR,GUAYAS,-79.90674023299293,-1.2915610851428676,1176.33
5365,COLIMES,COLIMES,GUAYAS,-80.06686311220004,-1.4995134571018078,544.11
6225,VELASCO IBARRA,EL EMPALME,GUAYAS,-79.68075788579088,-1.0459493125457493,148.0
5345,EL TRIUNFO,EL TRIUNFO,GUAYAS,-79.36616242058274,-2.316544642525765,560.32
5660,MILAGRO,MILAGRO,GUAYAS,-79.57879350918176,-2.1032636297378793,223.41
5675,NARANJAL,NARANJAL,GUAYAS,-79.63093311402619,-2.71801259707351,601.46
5705,NARANJITO,NARANJITO,GUAYAS,-79.39960555270076,-2.153859285060143,230.74
5725,PALESTINA,PALESTINA,GUAYAS,-79.91746378613033,-1.634542438026493,186.43
5735,PEDRO CARBO,PEDRO CARBO,GUAYAS,-80.32360230964656,-1.8256745500029272,520.72
5925,SAMBORONDON,SAMBORONDON,GUAYAS,-79.74427221347986,-1.9740899010029616,187.39
6580,SANTA LUCIA,SANTA LUCIA,GUAYAS,-80.03413843617989,-1.713624252179022,364.96
5765,PARAISO,SALITRE,GUAYAS,-79.83368711872312,-1.7954175208831828,27.26
6285,YAGUACHI NUEVO,YAGUACHI,GUAYAS,-79.712074905901,-2.072060585559905,277.27
6255,GRAL. VILLAMIL / PLAYAS,PLAYAS,GUAYAS,-80.4379596681416,-2.5576960086414786,269.99
6385,SIMON BOLIVAR,SIMON BOLIVAR,GUAYAS,-79.44741545492585,-2.001779632930418,132.37
6410,CRNL MARCELINO MARIDUENAS,CRNL MARCELINO MARIDUENAS,GUAYAS,-79.3820341823773,-2.239312378879469,254.13
6440,LOMAS SARGENTILLO,LOMAS SARGENTILLO,GUAYAS,-80.0832104175825,-1.8529888841587436,71.83
6460,NARCISA DE JESUS,NOBOL / PIEDRAHITA,GUAYAS,-80.04897016064739,-1.9638790943434985,134.68
6620,GRAL. ELIZALDE /BUCAY,GRAL. A. ELIZALDE,GUAYAS,-79.19961678602598,-2.1600904985150153,141.47
6710,ISIDRO AYORA,ISIDRO AYORA,GUAYAS,-80.16340057645654,-1.9659580023486458,491.84
6405,PASCUALES,GUAYAQUIL,GUAYAS,-79.96021931011076,-2.069585211825833,120.48
6265,XIMENA,GUAYAQUIL,GUAYAS,-79.89720419545802,-2.2522607386978892,44.15
5355,FEBRES CORDERO,GUAYAQUIL,GUAYAS,-79.92952023618264,-2.212543551965534,15.03
5585,LETAMENDI,GUAYAQUIL,GUAYAS,-79.9105616612504,-2.2111996860460423,3.45
5380,GARCIA MORENO,GUAYAQUIL,GUAYAS,-79.90042811212199,-2.2117373361366615,2.14
5055,AYACUCHO,GUAYAQUIL,GUAYAS,-79.88720707421491,-2.20738799273466,1.11
5720,OLMEDO/SAN ALEJO,GUAYAQUIL,GUAYAS,-79.88237155395659,-2.2010330701949523,1.18
5125,BOLIVAR/SAGRARIO,GUAYAQUIL,GUAYAS,-79.89016727620081,-2.1994920759290153,0.39
5890,ROCAFUERTE,GUAYAQUIL,GUAYAS,-79.88522890036377,-2.193466723008951,0.71
5695,9 DE OCTUBRE,GUAYAQUIL,GUAYAS,-79.89397663427953,-2.1911217971779533,0.63
5880,ROCA,GUAYAQUIL,GUAYAS,-79.88560622888492,-2.1868513482739473,0.41
5170,CARBO/CONCEPCION,GUAYAQUIL,GUAYAS,-79.8766741500569,-2.1901336554992263,1.79
6095,SUCRE,GUAYAQUIL,GUAYAS,-79.89598863684455,-2.1978375032905637,0.76
6185,URDANETA,GUAYAQUIL,GUAYAS,-79.90337803120599,-2.194076596353543,1.2
7445,LA PUNTILLA (SATELITE),SAMBORONDON,GUAYAS,-79.85243494205197,-2.094946039375655,63.18
5155,CANDILEJOS,SALITRE,GUAYAS,-79.79220913834584,-1.8512134081005385,17.65
5200,SALITRE,SALITRE,GUAYAS,-79.83162283972266,-1.8676980249922899,38.37
5990,SAN MATEO,SALITRE,GUAYAS,-79.8577499901187,-1.8220270984376103,27.62
5120,BOCANA,SALITRE,GUAYAS,-79.76843838251786,-1.8271359254761028,21.46
7425,MAGRO,DAULE,GUAYAS,-80.0041978414499,-1.8842097319570825,0.81
5370,YANUNCAY,CUENCA,AZUAY,-79.03718251903112,-2.917684451012316,10.59
5135,EL BATAN,CUENCA,AZUAY,-79.03946650500409,-2.894534640432125,4.83
6090,SUCRE,CUENCA,AZUAY,-79.01491241420399,-2.9042103998750592,2.61
5450,HUAYNACAPAC,CUENCA,AZUAY,-78.99916252853475,-2.913697959394447,3.72
6010,SAN SEBASTIAN,CUENCA,AZUAY,-79.03801302727288,-2.882602845800486,8.3
5875,RAMIREZ DAVALOS,CUENCA,AZUAY,-79.00767220358715,-2.8961323997282875,0.62
5905,SAGRARIO,CUENCA,AZUAY,-79.00197438101725,-2.898559397545109,0.75
5930,SAN BLAS,CUENCA,AZUAY,-78.99560187120557,-2.9000497880820633,1.23
5080,CAÑARIBAMBA,CUENCA,AZUAY,-78.989672085526,-2.904838194426514,1.14
5290,MONAY,CUENCA,AZUAY,-78.97273179947193,-2.902730773345452,5.45
5360,TOTORACOCHA,CUENCA,AZUAY,-78.98211772218546,-2.8913378202136126,2.84
5330,EL VECINO,CUENCA,AZUAY,-78.99176767521536,-2.8825762402641053,3.28
5075,BELLAVISTA,CUENCA,AZUAY,-79.01401980712185,-2.8791042130137434,5.03
6865,HERMANO MIGUEL,CUENCA,AZUAY,-78.98777545203824,-2.8659834945303255,6.56
5140,MACHANGARA,CUENCA,AZUAY,-78.9422354582242,-2.863921885381427,14.73
5395,GIRON,GIRON,AZUAY,-79.12838708701877,-3.178750106263995,239.52
5420,GUALACEO,GUALACEO,AZUAY,-78.79986725588904,-2.894508944006105,41.43
6435,CHORDELEG,CHORDELEG,AZUAY,-78.77636608314506,-2.940897973112162,16.32
6595,NABON,NABON,AZUAY,-79.03873951196131,-3.2867906699689975,242.77
5775,PAUTE,PAUTE,AZUAY,-78.78120387351147,-2.7837877471173322,52.86
6615,GUACHAPALA,GUACHAPALA,AZUAY,-78.70212330708527,-2.773341550649329,40.51
6485,EL PAN,EL PAN,AZUAY,-78.67037634248724,-2.780380588535119,17.71
6480,SEVILLA DE ORO,SEVILLA DE ORO,AZUAY,-78.62295594854209,-2.7957339358582503,65.4
5690,PUCARA,PUCARA,AZUAY,-79.53101417509289,-3.1697831370037703,569.77
6565,SAN FERNANDO,SAN FERNANDO,AZUAY,-79.27299735578069,-3.1410831828213257,120.4
6045,SANTA ISABEL,SANTA ISABEL,AZUAY,-79.35552919580307,-3.308958457979104,184.73
6875,CAMILO PONCE ENRIQUEZ,CAMILO PONCE ENRIQUEZ,AZUAY,-79.67220995408442,-3.0508599342662857,214.16
6085,SIGSIG,SIGSIG,AZUAY,-78.75819501693042,-3.0656790146199078,144.07
6360,OÑA,OÑA,AZUAY,-79.10740292016,-3.5113091524835935,217.71
5040,ARENILLAS,ARENILLAS,EL ORO,-80.02862596056517,-3.6112853999383336,260.37
5745,PACCHA,ATAHUALPA,EL ORO,-79.66326261352226,-3.5618040445129346,49.34
5340,EL GUABO,EL GUABO,EL ORO,-79.76809705479128,-3.2146843195136574,235.84
5850,PORTOVELO,PORTOVELO,EL ORO,-79.60709642714237,-3.726861362897771,36.48
6310,ZARUMA,ZARUMA,EL ORO,-79.61400292817662,-3.688664885349024,17.1
6795,EL CAMBIO,MACHALA,EL ORO,-79.89552165759814,-3.311247057462734,36.92
6490,9 DE MAYO,MACHALA,EL ORO,-79.96856291905812,-3.3092694754907166,84.63
5805,PUERTO BOLIVAR,MACHALA,EL ORO,-79.99409665865285,-3.257843860645253,4.01
5625,MACHALA,MACHALA,EL ORO,-79.96245231372218,-3.264000712083273,2.1
7505,JUBONES,MACHALA,EL ORO,-79.94028928025143,-3.2445297354956852,4.91
5565,LA PROVIDENCIA,MACHALA,EL ORO,-79.90251684969985,-3.2680514230059106,51.17
7510,JAMBELI,MACHALA,EL ORO,-79.94658488214705,-3.217979396379804,62.1
6335,LA VICTORIA/LAS LAJAS,LAS LAJAS,EL ORO,-80.09017115988483,-3.7873897272958907,107.67
6950,PLATANILLOS,LAS LAJAS,EL ORO,-80.07161712430637,-3.8007175529475954,0.54
6900,BALNEARIO JAMBELI,SANTA ROSA,EL ORO,-80.03445762916387,-3.2537625715168907,26.9
6805,MILTON REYES,HUAQUILLAS,EL ORO,-80.23835659355805,-3.480604615486397,1.65
6810,EL PARAISO,HUAQUILLAS,EL ORO,-80.23066833716004,-3.480780592358471,1.37
6815,ECUADOR,HUAQUILLAS,EL ORO,-80.22345582745103,-3.4796505850914743,3.02
6800,HUALTACO,HUAQUILLAS,EL ORO,-80.22872351116465,-3.46070452870331,5.49
6820,UNION LOJANA,HUAQUILLAS,EL ORO,-80.17279587099728,-3.462887535671957,87.12
6670,PUERTO JELI,SANTA ROSA,EL ORO,-80.01811629204661,-3.4016816758016275,36.93
6985,JUMON,SANTA ROSA,EL ORO,-80.00616258812659,-3.460881987768846,12.09
6060,SANTA ROSA,SANTA ROSA,EL ORO,-79.97538545930357,-3.4606369830069914,24.78
6990,NUEVO SANTA ROSA,SANTA ROSA,EL ORO,-79.90565562250866,-3.4566507206081005,68.0
5770,OCHOA LEON/MATRIZ,PASAJE,EL ORO,-79.76624416158405,-3.39126972289578,117.63
6370,BOLIVAR,PASAJE,EL ORO,-79.79394439899345,-3.320746961520267,7.56
6365,LOMA DE FRANCO,PASAJE,EL ORO,-79.77043301293877,-3.327276426498244,3.28
6375,TRES CERRITOS,PASAJE,EL ORO,-79.7895797039106,-3.3365392775496034,2.71
6590,BALSAS,BALSAS,EL ORO,-79.83330986989645,-3.7712221834913984,55.98
5715,CHILLA,CHILLA,EL ORO,-79.62742230719883,-3.441795478462088,331.67
6570,MARCABELI,MARCABELI,EL ORO,-79.92996369042889,-3.7874865926146173,129.82
6680,LA SUSAYA,PIÑAS,EL ORO,-79.69937713640859,-3.6729379172749996,0.82
6675,PIÑAS GRANDE,PIÑAS,EL ORO,-79.69873464739531,-3.668660578984193,1.37
5790,PIÑAS,PIÑAS,EL ORO,-79.6983874580278,-3.6681443647979126,117.43
7525,CARIGAN,LOJA,LOJA,-79.24199430328254,-3.9168911201603507,63.63
6210,EL VALLE,LOJA,LOJA,-79.18492881476034,-3.949667294553481,64.16
6100,SUCRE,LOJA,LOJA,-79.23679456516365,-3.9930310154189415,30.38
5320,EL SAGRARIO,LOJA,LOJA,-79.16799130871084,-4.00644004384374,18.64
7530,PUNZARA,LOJA,LOJA,-79.21549166770245,-4.058714215735036,38.18
6015,SAN SEBASTIAN,LOJA,LOJA,-79.1779720329096,-4.067364452690181,69.79
5240,CHILE,CALVAS,LOJA,-79.61106651925041,-4.277884471340458,135.56
6025,SAN VICENTE,CALVAS,LOJA,-79.50834134018918,-4.321103368438065,62.25
5175,CARIAMANGA,CALVAS,LOJA,-79.5740489552319,-4.361418873351497,151.5
6825,SAN JOSE,CATAMAYO,LOJA,-79.3596039537582,-3.986341136555992,11.14
5270,CATAMAYO,CATAMAYO,LOJA,-79.34743722825962,-3.967892714449418,136.43
5195,CELICA,CELICA,LOJA,-79.94987283820889,-4.149913722062293,238.44
6530,CHAGUARPAMBA,CHAGUARPAMBA,LOJA,-79.62861506428368,-3.8657571883870423,101.21
5020,AMALUZA,ESPINDOLA,LOJA,-79.39119332395268,-4.596257973246179,123.0
5400,GONZANAMA,GONZANAMA,LOJA,-79.44312052381197,-4.22695626846805,72.17
5385,GRAL.ELOY ALFARO,MACARA,LOJA,-79.88519609113393,-4.362770579776157,134.49
5680,MACARA,MACARA,LOJA,-80.0078709367572,-4.299484284114985,234.91
5595,LOURDES,PALTAS,LOJA,-79.58169358635656,-4.030384430564191,156.83
5180,CATACOCHA,PALTAS,LOJA,-79.68540714765254,-4.103603424577329,284.29
5005,ALAMOR,PUYANGO,LOJA,-80.06074268811783,-3.9715656185626314,241.2
6075,SARAGURO,SARAGURO,LOJA,-79.23427100245121,-3.6344707503569857,75.86
6120,SOZORANGA,SOZORANGA,LOJA,-79.78756506258803,-4.245842874327279,293.84
6320,ZAPOTILLO,ZAPOTILLO,LOJA,-80.25696141330789,-4.362204285970211,194.65
5810,PINDAL /FEDERICO PAEZ,PINDAL,LOJA,-80.11290364524989,-4.127471892903318,49.57
6260,QUILANGA /LA PAZ,QUILANGA,LOJA,-79.41168657375316,-4.295271787426689,92.53
6730,OLMEDO,OLMEDO,LOJA,-79.6284305197419,-3.9367285407232147,61.87
7520,LA CONCORDIA,LA CONCORDIA,STO DGO TSACHILAS,-79.3765134579657,-0.003089857106071578,81.05
5870,RIO TOACHI,SANTO DOMINGO,STO DGO TSACHILAS,-79.05660423959162,-0.1621859611981653,495.19
5860,BOMBOLI,SANTO DOMINGO,STO DGO TSACHILAS,-79.29659502320838,-0.21825485738453473,258.45
5730,ABRAHAM CALAZACON,SANTO DOMINGO,STO DGO TSACHILAS,-79.22971888586602,-0.28102293036031534,41.62
6065,SANTO DOMINGO,SANTO DOMINGO,STO DGO TSACHILAS,-79.1714906814745,-0.24949957178318508,1.13
6180,ZARACAY,SANTO DOMINGO,STO DGO TSACHILAS,-79.16032066506831,-0.24224728402691476,3.37
5865,RIO VERDE,SANTO DOMINGO,STO DGO TSACHILAS,-79.18270966294591,-0.3468275575293432,125.74
6175,CHIGUILPE,SANTO DOMINGO,STO DGO TSACHILAS,-79.11506476971886,-0.3261612303501202,147.44
5275,DAULE,DAULE,GUAYAS,-79.97962847004493,-1.8755994968804621,166.3
6850,LA AURORA,DAULE,GUAYAS,-79.8920941228162,-2.0248016229895636,61.97
5615,MACAS,MORONA,MORONA SANTIAGO,-78.14848834007029,-2.3031467846737623,49.3
5425,GUALAQUIZA,GUALAQUIZA,MORONA SANTIAGO,-78.56154853334591,-3.314498806343516,332.49
5390,GRAL. LEONIDAS PLAZA,LIMON INDANZA,MORONA SANTIAGO,-78.53425738482768,-2.9864045592531556,287.11
5760,PALORA,PALORA,MORONA SANTIAGO,-77.97596409373377,-1.7050622509216613,120.61
5645,MENDEZ,SANTIAGO,MORONA SANTIAGO,-78.39042542121585,-2.613514160660873,287.45
6110,SUCUA,SUCUA,MORONA SANTIAGO,-78.2677946232632,-2.440604320207449,718.99
6390,HUAMBOYA,HUAMBOYA,MORONA SANTIAGO,-77.91496631379023,-1.9170693896250892,183.74
6445,SAN JUAN BOSCO,SAN JUAN BOSCO,MORONA SANTIAGO,-78.54130328427138,-3.1601086976748336,128.95
6700,TAISHA,TAISHA,MORONA SANTIAGO,-77.50311490868832,-2.4061224710199487,1326.08
6735,LOGROÑO,LOGROÑO,MORONA SANTIAGO,-78.21986694119163,-2.6058465235569126,55.12
6870,PABLO SEXTO,PABLO SEXTO,MORONA SANTIAGO,-78.27567653731771,-1.8580803265601757,1388.96
6890,SANTIAGO,TIWINTZA,MORONA SANTIAGO,-78.04049866516529,-3.0338951190873473,648.81
5825,PUYO,PASTAZA,PASTAZA,-77.98965315460472,-1.4722099546343936,91.71
5650,MERA,MERA,PASTAZA,-78.06232085584293,-1.3412420045283375,370.63
6395,SANTA CLARA,SANTA CLARA,PASTAZA,-77.85891331482212,-1.2561404813649588,243.62
6705,ARAJUNO,ARAJUNO,PASTAZA,-77.656738970583,-1.2596670475103553,638.67
5815,EL COCA,FCO. DE ORELLANA,ORELLANA,-76.9879047504088,-0.44013014170345066,148.24
5700,NUEVO ROCAFUERTE,AGUARICO,ORELLANA,-75.57063324312399,-0.948955492559039,1173.7
6200,LA JOYA DE LOS SACHAS,JOYA DE LOS SACHAS,ORELLANA,-76.84482840743163,-0.3079577565266339,191.44
6455,LORETO,LORETO,ORELLANA,-77.27981876974827,-0.6558946596809747,94.57
5655,MERCEDES MOLINA,GUALAQUIZA,MORONA SANTIAGO,-78.59907463993147,-3.4138398281948814,33.62
7485,TIPUTINI,AGUARICO,ORELLANA,-75.65598034276405,-0.7869868848419727,567.56
0205,ATAHUALPA,SANTA ELENA,SANTA ELENA,-80.77294586703664,-2.3194531916362804,77.44
0605,COLONCHE,SANTA ELENA,SANTA ELENA,-80.5656709903733,-2.0309563886072226,1146.63
0820,CHANDUY,SANTA ELENA,SANTA ELENA,-80.52004126057784,-2.362676845042963,770.97
2355,MANGLARALTO,SANTA ELENA,SANTA ELENA,-80.69304945251888,-1.7927803379320235,424.73
3915,SIMON BOLIVAR,SANTA ELENA,SANTA ELENA,-80.36310462550271,-2.1744990134930586,572.35
1300,SAN JOSE DE ANCON,SANTA ELENA,SANTA ELENA,-80.82753364186169,-2.3054987719973927,65.76
0115,ANCONCITO,SALINAS,SANTA ELENA,-80.88417606229368,-2.309118384128588,14.97
1850,JOSE LUIS TAMAYO / MUEY,SALINAS,SANTA ELENA,-80.90228222020221,-2.268363470963261,29.07
5920,SALINAS,SALINAS,SANTA ELENA,-80.93944635935466,-2.246127214832442,6.63
5130,BALLENITA,SANTA ELENA,SANTA ELENA,-80.86993245704376,-2.207651346395615,4.54
6610,LA LIBERTAD,LA LIBERTAD,SANTA ELENA,-80.89459871281542,-2.2395027097421285,25.28
6270,GRAL. A. E. GALLO,SALINAS,SANTA ELENA,-80.98609546437838,-2.201621689866383,7.73
6275,VICENTE ROCAFUERTE,SALINAS,SANTA ELENA,-80.95548885028016,-2.2256816924298466,5.33
6925,SANTA ROSA,SALINAS,SANTA ELENA,-80.9439764781319,-2.2178154705540396,1.18
6280,CARLOS ESPINOZA LARREA,SALINAS,SANTA ELENA,-80.96081175526545,-2.209775136351221,2.88
0720,CUMBARATZA,ZAMORA,ZAMORA CHINCHIPE,-78.86929244100904,-3.9765318689705484,150.22
1390,GUADALUPE,ZAMORA,ZAMORA CHINCHIPE,-78.91156213188815,-3.8705400805455064,252.87
2155,LA VICTORIA DE IMBANA,ZAMORA,ZAMORA CHINCHIPE,-79.09213554709726,-3.842635006421057,340.03
3260,SABANILLA,ZAMORA,ZAMORA CHINCHIPE,-79.06230976376077,-4.005824872750718,307.72
4010,TIMBARA,ZAMORA,ZAMORA CHINCHIPE,-78.92237557537119,-4.167879144717675,306.1
1770,SAN CARLOS DE LAS MINAS,ZAMORA,ZAMORA CHINCHIPE,-78.81133137248727,-4.062973966310077,148.96
0915,CHITO,CHINCHIPE,ZAMORA CHINCHIPE,-79.00855290409737,-4.885015026348085,308.68
1145,EL CHORRO,CHINCHIPE,ZAMORA CHINCHIPE,-79.09705115829608,-4.9142682886171025,13.74
2015,LA CHONTA,CHINCHIPE,ZAMORA CHINCHIPE,-79.0890990225217,-4.949078951063426,18.01
2955,PUCAPAMBA,CHINCHIPE,ZAMORA CHINCHIPE,-79.1250276598883,-4.951016315909291,25.09
2110,SAN ANDRES,CHINCHIPE,ZAMORA CHINCHIPE,-79.32434345249503,-4.801927350422612,311.52
1675,ZURMI,NANGARITZA,ZAMORA CHINCHIPE,-78.74877767401172,-4.2517855018802155,905.1
4570,NUEVO PARAISO,NANGARITZA,ZAMORA CHINCHIPE,-78.79640888586397,-4.4887600748945875,920.88
4655,NANKAIS,NANGARITZA,ZAMORA CHINCHIPE,-78.60560898316324,-4.097065757713545,78.87
2070,LA PAZ,YACUAMBI,ZAMORA CHINCHIPE,-78.95354506496999,-3.7512312336219065,318.28
4105,TUTUPALI,YACUAMBI,ZAMORA CHINCHIPE,-78.96023378534537,-3.480915641524695,504.82
0985,CHICANA,YANZATZA,ZAMORA CHINCHIPE,-78.7488917618776,-3.6500044993270566,265.22
2240,LOS ENCUENTROS,YANZATZA,ZAMORA CHINCHIPE,-78.55596130255614,-3.7859294176330027,475.35
0665,EL GUISMI,EL PANGUI,ZAMORA CHINCHIPE,-78.58707830569747,-3.5694747585867317,94.36
1015,PACHICUTZA,EL PANGUI,ZAMORA CHINCHIPE,-78.59364254134785,-3.68446521440637,127.76
0945,TUNDAYME,EL PANGUI,ZAMORA CHINCHIPE,-78.45127761395936,-3.609526727743167,254.84
4385,TRIUNFO DORADO,CENTINELA DEL CONDOR,ZAMORA CHINCHIPE,-78.70554357367395,-3.9120774538084198,50.54
4600,PANGUINTZA,CENTINELA DEL CONDOR,ZAMORA CHINCHIPE,-78.81649871349492,-3.8853116462563473,44.74
1240,EL PORVENIR DEL CARMEN,PALANDA,ZAMORA CHINCHIPE,-79.01490109933182,-4.484288165706661,528.86
4505,SAN FRANCISCO DEL VERGEL,PALANDA,ZAMORA CHINCHIPE,-79.021463010769,-4.7242372441056,247.03
4195,VALLADOLID,PALANDA,ZAMORA CHINCHIPE,-79.15101421393476,-4.476751153402841,582.27
2170,LA CANELA,PALANDA,ZAMORA CHINCHIPE,-78.92431884789592,-4.682095670752842,242.5
0455,BELLAVISTA,PAQUISHA,ZAMORA CHINCHIPE,-78.617318744336,-3.880009063065916,57.57
1120,NUEVO QUITO,PAQUISHA,ZAMORA CHINCHIPE,-78.60233849678825,-4.00859375803874,115.68
6885,PAQUISHA,PAQUISHA,ZAMORA CHINCHIPE,-78.58362265881264,-3.9220148917220152,165.97
6355,EL PANGUI,EL PANGUI,ZAMORA CHINCHIPE,-78.59691828915136,-3.627816196644031,154.78
6295,YANZATZA,YANZATZA,ZAMORA CHINCHIPE,-78.77119573190132,-3.7767743034965475,273.13
6215,28 DE MAYO,YACUAMBI,ZAMORA CHINCHIPE,-78.98641896782819,-3.6493402980108525,430.34
6625,ZUMBI,CENTINELA DEL CONDOR,ZAMORA CHINCHIPE,-78.74435381510999,-3.9566144066905347,164.92
5520,GUAYZIMI,NANGARITZA,ZAMORA CHINCHIPE,-78.71022844664738,-4.061461653834306,116.63
6305,ZAMORA,ZAMORA,ZAMORA CHINCHIPE,-79.02541171644535,-4.163085711712296,230.65
6840,EL LIMON,ZAMORA,ZAMORA CHINCHIPE,-79.02908984275037,-4.077122151778749,164.47
6740,PALANDA,PALANDA,ZAMORA CHINCHIPE,-79.23598819457493,-4.667421853780897,441.52
6315,ZUMBA,CHINCHIPE,ZAMORA CHINCHIPE,-79.18234960020469,-4.850710334373117,424.97
0030,ALANGASI,QUITO,PICHINCHA,-78.42974278047657,-0.29621058132625994,29.4
1220,EL PROGRESO,SAN CRISTOBAL,GALAPAGOS,-89.42954330107955,-0.8261919474736548,567.02
4415,ISLA SANTA MARIA,SAN CRISTOBAL,GALAPAGOS,-90.20632099688541,-1.1881711486843975,280.43
4165,TOMAS DE BERLANGA,ISABELA,GALAPAGOS,-91.2236890940906,-0.538146315208952,5526.37
0235,BELLA VISTA,SANTA CRUZ,GALAPAGOS,-90.52379940542002,-0.34743560465691414,1182.72
1985,SANTA ROSA,SANTA CRUZ,GALAPAGOS,-90.44820950759616,-0.48441152131503024,669.69
2540,NAYON,QUITO,PICHINCHA,-78.43293492755119,-0.1716138410007695,17.7
0080,AMAGUAÑA,QUITO,PICHINCHA,-78.4910307308032,-0.3830469119206656,56.38
0195,ATAHUALPA /HABASPAMBA,QUITO,PICHINCHA,-78.34259257713192,0.14862302880318815,70.28
0430,CALACALI,QUITO,PICHINCHA,-78.52382166809795,0.045882456296608524,189.67
0440,CALDERON,QUITO,PICHINCHA,-78.41573404449802,-0.0863064658131745,78.12
0625,CONOCOTO,QUITO,PICHINCHA,-78.48468029945826,-0.28892968887317244,44.71
0725,CUMBAYA,QUITO,PICHINCHA,-78.43608993719796,-0.2087525015333356,20.95
0855,CHAVEZPAMBA,QUITO,PICHINCHA,-78.40387250377212,0.12517772591246604,11.49
0865,CHECA,QUITO,PICHINCHA,-78.26321716565703,-0.1630650910219485,87.7
3100,QUINCHE,QUITO,PICHINCHA,-78.26526411649824,-0.11848676788751707,75.95
1400,GUALEA,QUITO,PICHINCHA,-78.76089570190967,0.11681221299521881,120.94
1440,GUANGOPOLO,QUITO,PICHINCHA,-78.43790927012722,-0.2528567802530264,10.16
1475,GUAYLLABAMBA,QUITO,PICHINCHA,-78.34341735241404,-0.05412386362746202,55.5
2055,LA MERCED,QUITO,PICHINCHA,-78.39092306729884,-0.2937349504249781,31.57
2265,LLANO CHICO,QUITO,PICHINCHA,-78.43769787316711,-0.133031609842608,7.55
2275,LLOA,QUITO,PICHINCHA,-78.6867605879627,-0.21387887525249102,541.9
2525,NANEGAL,QUITO,PICHINCHA,-78.63143435618728,0.11522791058727459,245.99
2530,NANEGALITO,QUITO,PICHINCHA,-78.71481896979576,0.04694934381025353,125.28
2560,NONO,QUITO,PICHINCHA,-78.59892354218863,-0.05164067695509061,212.68
2690,PACTO,QUITO,PICHINCHA,-78.84418356940276,0.1566787168500797,346.53
2825,PERUCHO,QUITO,PICHINCHA,-78.41870114370352,0.1140163361932443,9.83
2855,PIFO,QUITO,PICHINCHA,-78.26755346782441,-0.28103612835924063,254.33
2895,PINTAG,QUITO,PICHINCHA,-78.33674362275414,-0.4465941647964517,486.52
2925,POMASQUI,QUITO,PICHINCHA,-78.45971629305586,-0.048551040059197324,23.71
2980,PUELLARO,QUITO,PICHINCHA,-78.38485757593804,0.07635706429537638,72.69
2985,PUEMBO,QUITO,PICHINCHA,-78.3697491440693,-0.1675329995716777,31.73
3325,SAN ANTONIO,QUITO,PICHINCHA,-78.44542282151015,0.03322023090530504,111.59
3475,SAN JOSE DE MINAS,QUITO,PICHINCHA,-78.48813353374051,0.18869345024251122,294.46
3925,TABABELA,QUITO,PICHINCHA,-78.35478468921066,-0.14111181068114323,25.38
4085,TUMBACO,QUITO,PICHINCHA,-78.3949436909091,-0.21986210284646202,65.54
4290,YARUQUI,QUITO,PICHINCHA,-78.29921447936263,-0.1918374874598312,72.95
4325,ZAMBIZA,QUITO,PICHINCHA,-78.41746765655812,-0.14460808338395353,7.57
0165,ASCAZUBI,CAYAMBE,PICHINCHA,-78.26704607602797,-0.07597378361179002,34.58
0480,CANGAHUA,CAYAMBE,PICHINCHA,-78.14684337139647,-0.09073055609682058,335.63
2600,OLMEDO/PESILLO,CAYAMBE,PICHINCHA,-77.98297298523052,0.0728217385239821,399.24
2635,OTON,CAYAMBE,PICHINCHA,-78.25141062056262,-0.022339442899851177,23.3
3735,STA.ROSA DE CUSUBAMBA,CAYAMBE,PICHINCHA,-78.28088234581573,-0.033784010624132964,22.89
4620,SAN JOSE DE AYORA,CAYAMBE,PICHINCHA,-78.10244445183257,0.07588278385947275,130.8
0055,ALOAG,MEJIA,PICHINCHA,-78.6466160296652,-0.4568529401277084,212.75
0060,ALOASI,MEJIA,PICHINCHA,-78.61237182533229,-0.5339958798661294,65.65
0755,CUTUGLAGUA,MEJIA,PICHINCHA,-78.57160647020063,-0.3711697497243156,32.45
0850,CHAUPI,MEJIA,PICHINCHA,-78.68302107829906,-0.5941041156363375,142.6
0650,CORNEJO ASTORGA /TANDAPI,MEJIA,PICHINCHA,-78.78144364202238,-0.40976317448790056,493.66
3960,TAMBILLO,MEJIA,PICHINCHA,-78.55497949757209,-0.4187262534531519,50.0
4155,UYUMBICHO,MEJIA,PICHINCHA,-78.51771422861533,-0.4077599941621467,21.09
2025,LA ESPERANZA,PEDRO MONCAYO,PICHINCHA,-78.25597351834756,0.050665760380509496,37.88
2330,MALCHINGUI,PEDRO MONCAYO,PICHINCHA,-78.35325378969802,0.03511129121300648,86.05
4045,TOCACHI,PEDRO MONCAYO,PICHINCHA,-78.29938685914688,0.04785038830701954,96.35
4090,TUPIGACHI,PEDRO MONCAYO,PICHINCHA,-78.1940217150714,0.09585119828552961,43.25
0680,COTOGCHOA,RUMIÑAHUI,PICHINCHA,-78.45686131240141,-0.40928869158650655,35.99
3230,RUMIPAMBA,RUMIÑAHUI,PICHINCHA,-78.44090272301287,-0.45642444527836623,42.16
2410,MINDO,SAN MIGUEL DE LOS BANCOS,PICHINCHA,-78.74319042651716,-0.060196653100318825,268.58
5190,CAYAMBE,CAYAMBE,PICHINCHA,-78.04265847546449,-0.036646090465710324,243.8
5620,MACHACHI,MEJIA,PICHINCHA,-78.47535323094718,-0.562179358588911,392.91
6145,TABACUNDO,PEDRO MONCAYO,PICHINCHA,-78.21573534575286,0.05498971025576408,71.27
5965,SANGOLQUI,RUMIÑAHUI,PICHINCHA,-78.43204783189493,-0.36096498843363756,49.66
6350,S. MIGUEL DE LOS BANCOS,SAN MIGUEL DE LOS BANCOS,PICHINCHA,-78.96580551533347,-0.028657996650603222,586.88
6415,PEDRO VICENTE MALDONADO,PEDRO VICENTE MALDONADO,PICHINCHA,-79.05654989076994,0.15044674498256366,618.6
6125,PUERTO QUITO,PUERTO QUITO,PICHINCHA,-79.23952398400925,0.1560625329587169,695.71
6510,PTO. BAQUERIZO MORENO,SAN CRISTOBAL,GALAPAGOS,-89.60542961125921,-0.9050872648363463,2.94
6515,PUERTO VILLAMIL,ISABELA,GALAPAGOS,-90.9648006325991,-0.9555008223835029,1.57
6505,PUERTO AYORA,SANTA CRUZ,GALAPAGOS,-90.31730660438832,-0.738713017754426,2.36
7135,CARCELEN,QUITO,PICHINCHA,-78.4676184607086,-0.08617681222092224,9.6
7160,EL CONDADO,QUITO,PICHINCHA,-78.52501582491608,-0.10044693158371369,54.18
7145,COCHAPAMBA,QUITO,PICHINCHA,-78.52275604701924,-0.1484801144566655,23.37
5220,COTOCOLLAO,QUITO,PICHINCHA,-78.4995564159889,-0.11747137111478506,2.77
7220,PONCEANO,QUITO,PICHINCHA,-78.48387145455548,-0.10770796675873515,6.65
7150,COMITE DEL PUEBLO,QUITO,PICHINCHA,-78.46810220292042,-0.11379701682590317,5.39
7185,KENNEDY,QUITO,PICHINCHA,-78.47823517583092,-0.13952739485176868,6.68
7245,SAN ISIDRO DEL INCA,QUITO,PICHINCHA,-78.45996486932135,-0.13791158666479716,6.13
7180,JIPIJAPA,QUITO,PICHINCHA,-78.46596213849146,-0.1588243242435853,6.24
7170,IÑAQUITO,QUITO,PICHINCHA,-78.47122483171825,-0.1807746254369924,13.6
7215,MARISCAL SUCRE,QUITO,PICHINCHA,-78.48926797186698,-0.2050782954597035,2.79
7175,ITCHIMBIA,QUITO,PICHINCHA,-78.47787545764268,-0.21086440808462587,11.91
7195,LA CONCEPCION,QUITO,PICHINCHA,-78.4927717028022,-0.1414357260273024,5.21
7235,RUMIPAMBA,QUITO,PICHINCHA,-78.51065216193759,-0.1710456026150732,10.37
7130,BELISARIO QUEVEDO,QUITO,PICHINCHA,-78.52266961533212,-0.1855082574782173,13.49
7250,SAN JUAN,QUITO,PICHINCHA,-78.5384589911893,-0.19833017297236474,19.1
5535,LA LIBERTAD,QUITO,PICHINCHA,-78.52910306265039,-0.22297282949818828,2.65
7140,CENTRO HISTORICO,QUITO,PICHINCHA,-78.51416837174602,-0.22565383436601727,3.73
7225,PUENGASI,QUITO,PICHINCHA,-78.47701158336682,-0.23797587668503495,18.95
5015,CHIMBACALLE,QUITO,PICHINCHA,-78.51278120700692,-0.24297070378134966,2.42
5540,LA MAGDALENA,QUITO,PICHINCHA,-78.5253098606293,-0.24391162462261007,2.92
7205,LA FERROVIARIA,QUITO,PICHINCHA,-78.51127239679818,-0.2597678547609454,6.37
7190,LA ARGELIA,QUITO,PICHINCHA,-78.5224973685941,-0.2827200717226553,7.18
7230,QUITUMBE,QUITO,PICHINCHA,-78.53738180362272,-0.3020361781156311,13.77
7260,TURUBAMBA,QUITO,PICHINCHA,-78.53060619280846,-0.338925598622108,21.31
7165,GUAMANI,QUITO,PICHINCHA,-78.56773054453733,-0.3384169962166691,18.06
7200,LA ECUATORIANA,QUITO,PICHINCHA,-78.5893679731865,-0.31401212616954977,28.89
5260,CHILLOGALLO,QUITO,PICHINCHA,-78.5782399125619,-0.2761830485487636,15.22
7255,SOLANDA,QUITO,PICHINCHA,-78.54112087481415,-0.2741759526714715,4.46
7210,LA MENA,QUITO,PICHINCHA,-78.55670847846632,-0.2525282693308449,8.36
7240,SAN BARTOLO,QUITO,PICHINCHA,-78.5341760784635,-0.259569094930293,3.9
6600,SAN RAFAEL,RUMIÑAHUI,PICHINCHA,-78.45439976051973,-0.30645972854185205,2.49
6605,SAN PEDRO DE TABOADA,RUMIÑAHUI,PICHINCHA,-78.46322392219015,-0.3174860213011504,2.2
7535,FAJARDO,RUMIÑAHUI,PICHINCHA,-78.4683040562166,-0.33443747804827856,2.95
5495,JUAN MONTALVO,CAYAMBE,PICHINCHA,-78.15583983935447,0.022056800841176068,11.05
7155,CHILIBULO,QUITO,PICHINCHA,-78.54216193822016,-0.23279545207327593,8.56
6780,LA DOLOROSA DEL PRIORATO,IBARRA,IMBABURA,-78.08410623056608,0.40923199800587523,110.33
1125,EL CARMELO /EL PUN,TULCAN,CARCHI,-77.62602326071303,0.6698825411891328,65.83
1885,JULIO ANDRADE,TULCAN,CARCHI,-77.71469964352517,0.6929463237366076,92.61
2340,MALDONADO,TULCAN,CARCHI,-78.03586265148826,0.8299421054882401,200.62
2900,PIOTER,TULCAN,CARCHI,-77.78297085267305,0.6515802380050314,17.78
4040,TOBAR DONOSO,TULCAN,CARCHI,-78.42793175251137,1.0188688009620988,623.71
4070,TUFIÑO,TULCAN,CARCHI,-77.86900867988473,0.7655115509063204,178.93
4130,URBINA,TULCAN,CARCHI,-77.70233269266147,0.7791845604184858,39.94
1195,EL CHICAL,TULCAN,CARCHI,-78.26155343126405,0.9953550257063088,442.79
1765,SANTA MARTHA DE CUBA,TULCAN,CARCHI,-77.76214543222693,0.6458598478950055,16.57
1315,GARCIA MORENO,BOLIVAR,CARCHI,-77.96573467455309,0.5443396381314614,58.36
2205,LOS ANDES,BOLIVAR,CARCHI,-77.95688510135484,0.48110717239289763,58.49
2455,MONTEOLIVO,BOLIVAR,CARCHI,-77.84264254286299,0.39464218846849364,69.7
3680,SAN VICENTE DE PUSIR,BOLIVAR,CARCHI,-78.0224751502248,0.49344980859492144,42.46
1055,SAN RAFAEL,BOLIVAR,CARCHI,-77.90786908634614,0.42720202562005505,31.09
1150,EL GOALTAL / LAS JUNTAS,ESPEJO,CARCHI,-78.12828569723864,0.7700063361776857,255.82
2040,LA LIBERTAD,ESPEJO,CARCHI,-77.95300199931569,0.7014688175158439,151.06
3435,SAN ISIDRO,ESPEJO,CARCHI,-78.00050043427669,0.6066662759234063,46.44
2010,LA CONCEPCION,MIRA,CARCHI,-78.11178065180711,0.656987990107518,149.18
1835,JIJON Y CAAMAÑO,MIRA,CARCHI,-78.3161976383705,0.8446043480357409,281.3
1875,JUAN MONTALVO,MIRA,CARCHI,-78.09869479909344,0.5630506919352765,53.04
0690,CRISTOBAL COLON,MONTUFAR,CARCHI,-77.8094728331939,0.6172096663171127,32.61
0910,CHITAN DE NAVARRETES,MONTUFAR,CARCHI,-77.8116628344812,0.6595962780359775,39.43
1270,FERNANDEZ SALVADOR,MONTUFAR,CARCHI,-77.72587096483883,0.5712242495880521,32.07
2065,LA PAZ,MONTUFAR,CARCHI,-77.84845017767493,0.519149973751874,112.02
0250,PIARTAL,MONTUFAR,CARCHI,-77.75295381018545,0.5506315949768782,18.61
1520,MARISCAL SUCRE,SAN PEDRO DE HUACA,CARCHI,-77.70351293422551,0.5924297588414466,33.18
6520,BOLIVAR,BOLIVAR,CARCHI,-77.8919777655426,0.4919370016324396,99.61
5295,EL ANGEL,ESPEJO,CARCHI,-77.98546036147077,0.6445605105222133,88.16
5970,SAN JOSE,MONTUFAR,CARCHI,-77.79780067314084,0.5355231450908271,99.32
6665,HUACA,SAN PEDRO DE HUACA,CARCHI,-77.72714496325145,0.6367518741969038,43.29
5405,GONZALEZ SUAREZ,MONTUFAR,CARCHI,-77.85913171015916,0.630373975306462,46.52
5415,GONZALEZ SUAREZ,TULCAN,CARCHI,-77.71892125723197,0.8250738507736959,29.42
6250,27 DE SEPTIEMBRE,ESPEJO,CARCHI,-77.90747730526772,0.640967710441339,26.1
6165,TULCAN,TULCAN,CARCHI,-77.77266339425108,0.7587352385972825,106.49
0100,AMBUQUI / CHOTA,IBARRA,IMBABURA,-78.01989234575807,0.4098875720655052,125.94
0130,ANGOCHAGUA,IBARRA,IMBABURA,-78.08365700623344,0.22239650415623044,117.65
0530,CAROLINA / GUALLUPI,IBARRA,IMBABURA,-78.24239077782772,0.6736951110553349,273.21
2020,LA ESPERANZA,IBARRA,IMBABURA,-78.12779495957903,0.2668511687091827,34.97
2185,LITA,IBARRA,IMBABURA,-78.37849749907701,0.7595231926874714,238.35
3290,SALINAS,IBARRA,IMBABURA,-78.14633972518439,0.5225587365174663,76.56
3315,SAN ANTONIO,IBARRA,IMBABURA,-78.17176990888736,0.31780343645874626,29.04
1715,IMBAYA,ANTONIO ANTE,IMBABURA,-78.1571075333938,0.37930371434983406,11.56
3400,SAN FCO. DE NATABUELA,ANTONIO ANTE,IMBABURA,-78.19261084179767,0.32438069225703176,10.58
3465,SAN JOSE DE CHALTURA,ANTONIO ANTE,IMBABURA,-78.19240372611523,0.36516719055887253,17.03
3640,SAN ROQUE,ANTONIO ANTE,IMBABURA,-78.21980337665266,0.2969013418018817,18.13
0145,APUELA,COTACACHI,IMBABURA,-78.42315760677351,0.41718640782044414,202.14
1310,GARCIA MORENO / LLURIMAGUA,COTACACHI,IMBABURA,-78.83454978056172,0.30675999177454305,886.28
1710,IMANTAG,COTACACHI,IMBABURA,-78.35434755384912,0.4515893966847827,229.48
2820,PEÑAHERRERA,COTACACHI,IMBABURA,-78.58853633549677,0.35964937939025615,122.58
2915,PLAZA GUTIERREZ / CALVARIO,COTACACHI,IMBABURA,-78.42797803681027,0.3464643658931784,76.2
3115,QUIROGA,COTACACHI,IMBABURA,-78.33667076640674,0.2923035512294179,45.59
3800,6 DE JULIO CUELLAJE,COTACACHI,IMBABURA,-78.52971373374498,0.461267138043299,181.93
4185,VACAS GALINDO,COTACACHI,IMBABURA,-78.54029899103392,0.3051243615706585,54.91
1040,DR MIGUEL EGAS / PEGUCHE,OTAVALO,IMBABURA,-78.2281723938086,0.25345807387239494,10.13
1215,EUGENIO ESPEJO,OTAVALO,IMBABURA,-78.25539067905413,0.18761847500148637,27.98
1360,GONZALEZ SUAREZ,OTAVALO,IMBABURA,-78.20283503504672,0.1525593549165443,50.25
2785,PATAQUI,OTAVALO,IMBABURA,-78.35654977351791,0.18973379548332436,9.96
3490,SAN JOSE DE QUICHINCHE,OTAVALO,IMBABURA,-78.39771946710151,0.26525951419556576,165.13
3525,SAN JUAN DE ILUMAN,OTAVALO,IMBABURA,-78.22589079096454,0.2734598831009518,20.47
3590,SAN PABLO,OTAVALO,IMBABURA,-78.16918071053422,0.20658505817234393,63.29
3630,SAN RAFAEL,OTAVALO,IMBABURA,-78.23429793853771,0.17825605891521928,17.89
3810,SELVA ALEGRE,OTAVALO,IMBABURA,-78.5336058839831,0.2555232363631338,86.32
0955,CHUGA,PIMAMPIRO,IMBABURA,-77.8743978257335,0.35831017642466645,49.51
2380,MARIANO ACOSTA,PIMAMPIRO,IMBABURA,-77.9886208533736,0.24245416828191704,131.32
3415,SAN FRANCISCO DE SIGSIPAMBA,PIMAMPIRO,IMBABURA,-77.90453294727763,0.2628375843439017,166.06
0425,CAHUASQUI,URCUQUI,IMBABURA,-78.2534053162954,0.5256297783052559,126.57
2060,LA MERCED DE BUENOS AIRES,URCUQUI,IMBABURA,-78.38563196902503,0.6367117835135991,383.95
2675,PABLO ARENAS,URCUQUI,IMBABURA,-78.2154585345152,0.48756658942803394,54.27
3365,SAN BLAS,URCUQUI,IMBABURA,-78.2648821138338,0.424127948987114,73.93
4080,TUMBABIRO,URCUQUI,IMBABURA,-78.19623777732805,0.45649185779824464,37.61
5050,ATUNTAQUI,ANTONIO ANTE,IMBABURA,-78.22344270493517,0.3408476612143022,13.73
6190,URCUQUI,URCUQUI,IMBABURA,-78.17781910768403,0.4197051001362708,60.04
5025,ANDRADE MARIN/LOURDES,ANTONIO ANTE,IMBABURA,-78.20276238602128,0.30515078516866717,8.9
5165,CARANQUI,IBARRA,IMBABURA,-78.14560263665469,0.2959723433865994,29.08
5960,SAN FRANCISCO,IBARRA,IMBABURA,-78.07525523330894,0.3217297344151261,84.74
5915,SAGRARIO,IBARRA,IMBABURA,-78.12570087327809,0.35806187889673385,10.06
5440,GUAYAQUIL DE ALPACHACA,IBARRA,IMBABURA,-78.13657886475134,0.37238644802360826,9.13
5955,SAN FRANCISCO,COTACACHI,IMBABURA,-78.29703938795947,0.31455872365487636,60.46
5910,SAGRARIO,COTACACHI,IMBABURA,-78.26891249864441,0.29563073439733395,5.34
5980,SAN LUIS,OTAVALO,IMBABURA,-78.28819746100419,0.20077677771185712,49.97
5490,JORDAN,OTAVALO,IMBABURA,-78.23096386847615,0.2387389240758301,29.82
5750,PIMAMPIRO,PIMAMPIRO,IMBABURA,-77.94903319698557,0.3594344801814643,92.94
0025,AHUANO,TENA,NAPO,-77.54288748596476,-1.0147212721692225,429.34
0940,CHONTAPUNTA,TENA,NAPO,-77.26957421264599,-0.9445736117879877,963.31
2755,PANO,TENA,NAPO,-78.15882341913394,-0.9140375352476043,793.39
3000,PUERTO MISAHUALLI,TENA,NAPO,-77.65085271623516,-0.9631703470215793,335.71
3050,PUERTO NAPO,TENA,NAPO,-77.74731706186485,-1.084236144502907,223.73
1930,TALAG,TENA,NAPO,-78.17392722015629,-1.053118432258558,918.94
4580,SAN JUAN DE MUYUNA,TENA,NAPO,-77.90584805866024,-0.9267589053073954,162.38
0685,COTUNDO,ARCHIDONA,NAPO,-77.88149621242685,-0.7070459610896964,1532.25
3605,SAN PABLO DE USHPAYACU,ARCHIDONA,NAPO,-77.72249820529814,-0.902297663428638,153.24
4630,HATUN SUMAKU,ARCHIDONA,NAPO,-77.61277898441864,-0.6615668336454843,392.53
1020,GONZALO DIAZ DE PINEDA,EL CHACO,NAPO,-77.50897927728975,-0.26023718037577104,1929.91
2180,LINARES,EL CHACO,NAPO,-77.68323569126882,-0.3998113003460165,243.93
2640,OYACACHI,EL CHACO,NAPO,-77.95831232842652,-0.17928612320543916,818.88
3745,SANTA ROSA DE QUIJOS,EL CHACO,NAPO,-77.79212337369523,-0.2108090511632073,307.95
3790,SARDINAS,EL CHACO,NAPO,-77.89979380515432,-0.36441677819262713,127.0
0670,COSANGA,QUIJOS,NAPO,-77.97537308446567,-0.5682265986550772,480.72
0765,CUYUJA,QUIJOS,NAPO,-78.0523029765937,-0.4021223849966664,258.46
2770,PAPALLACTA,QUIJOS,NAPO,-78.15736353977198,-0.3666590647232104,315.33
3395,SAN FRANCISCO DE BORJA,QUIJOS,NAPO,-77.89905556851582,-0.42505426108181316,89.63
3890,SUMACO,QUIJOS,NAPO,-77.72966298462734,-0.47572636319658435,285.72
6160,TENA,TENA,NAPO,-77.80138061409612,-0.9778440783275569,81.42
5510,EL CHACO,EL CHACO,NAPO,-77.86024122209425,-0.3147256219213795,57.57
5090,BAEZA,QUIJOS,NAPO,-77.95892968902216,-0.487734600889014,161.11
5070,ARCHIDONA,ARCHIDONA,NAPO,-78.17898606896146,-0.7357549941604927,979.14
6760,CARLOS J. AROSEMENA,C.J. AROSEMENA TOLA,NAPO,-77.93963126056514,-1.1640868687265866,500.61
0450,CAMARONES,ESMERALDAS,ESMERALDAS,-79.51365600784327,0.9580057673136336,167.43
0655,CRNL.CARLOS CONCHA TORRES,ESMERALDAS,ESMERALDAS,-79.72188533466284,0.665137735031673,289.37
0895,CHINCA,ESMERALDAS,ESMERALDAS,-79.56433854424056,0.7728434313817042,224.43
2320,MAJUA,ESMERALDAS,ESMERALDAS,-79.4976084158505,0.6659498795441752,125.39
3570,SAN MATEO,ESMERALDAS,ESMERALDAS,-79.61722855070812,0.8450058478614848,179.89
3930,TABIAZO,ESMERALDAS,ESMERALDAS,-79.72960920683038,0.777470504580491,138.52
3940,TACHINA,ESMERALDAS,ESMERALDAS,-79.59904160115227,0.9356815143344464,73.04
4240,VUELTA LARGA,ESMERALDAS,ESMERALDAS,-79.71028261573659,0.8859257975991757,77.62
0120,ANCHAYACU,ELOY ALFARO,ESMERALDAS,-79.1131539496145,0.9540231870672705,218.74
0200,ATAHUALPA/CAMARONES,ELOY ALFARO,ESMERALDAS,-78.95608915231371,0.8104301315975385,220.03
0370,BORBON,ELOY ALFARO,ESMERALDAS,-79.00197314392851,1.0150854183317757,200.09
2125,LA TOLA,ELOY ALFARO,ESMERALDAS,-79.05739162356073,1.1366885941667144,172.1
2225,LUIS VARGAS TORRES,ELOY ALFARO,ESMERALDAS,-78.72494192896342,0.544031832272703,765.24
2335,MALDONADO,ELOY ALFARO,ESMERALDAS,-78.89891051654729,1.0470883840423597,58.21
2670,PAMPANAL DE BOLIVAR,ELOY ALFARO,ESMERALDAS,-78.92537668663023,1.299106744578684,113.84
3405,SAN FRANCISCO DE ONZOLE,ELOY ALFARO,ESMERALDAS,-79.10889556464268,0.8534462373272624,181.21
4465,SANTO DOMINGO DE ONZOLE,ELOY ALFARO,ESMERALDAS,-79.15826879101995,0.6804165142314196,681.46
3805,SELVA ALEGRE,ELOY ALFARO,ESMERALDAS,-78.88013554581622,0.9155350848535432,49.58
4170,TELEMBI,ELOY ALFARO,ESMERALDAS,-78.91947878495033,0.6051411142417178,1426.56
1510,COLON ELOY DE MARIA,ELOY ALFARO,ESMERALDAS,-78.90836539858343,0.9952724702468029,71.9
1505,SAN JOSE DE CAYAPAS,ELOY ALFARO,ESMERALDAS,-78.97306908775646,0.8989997968045714,120.0
1515,TIMBIRE,ELOY ALFARO,ESMERALDAS,-78.85583484313736,0.9892022777729161,21.95
4595,SANTA LUCIA DE LAS PEÑAS,ELOY ALFARO,ESMERALDAS,-79.14760838315678,1.0653775512799863,82.05
0355,BOLIVAR,MUISNE,ESMERALDAS,-80.01790917511596,0.4643273976166514,50.02
1010,DAULE,MUISNE,ESMERALDAS,-79.96924219627472,0.39715953260859177,110.31
1305,GALERA,MUISNE,ESMERALDAS,-80.05159703282379,0.7783749055768463,67.7
3125,QUINGUE,MUISNE,ESMERALDAS,-80.07305144591668,0.7096359663466898,28.21
3280,SALIMA,MUISNE,ESMERALDAS,-79.96087282100734,0.32837790391938465,53.56
3390,SAN FRANCISCO,MUISNE,ESMERALDAS,-79.99839435262638,0.6893834641009644,191.1
3430,SAN GREGORIO,MUISNE,ESMERALDAS,-79.8782230984767,0.5125416442292962,470.19
3470,SAN JOSE DE CHAMANGA,MUISNE,ESMERALDAS,-79.8860457483684,0.34825446963267787,153.34
0700,CUBE / CHANCAMA,QUININDE,ESMERALDAS,-79.67409366819001,0.49222804955826993,656.17
0980,CHURA,QUININDE,ESMERALDAS,-79.47705031332247,0.540082265154003,183.52
2345,MALIMPIA / GUAYLLABAMBA,QUININDE,ESMERALDAS,-79.25473113271346,0.44240355855373364,1005.18
4230,VICHE,QUININDE,ESMERALDAS,-79.54677977231867,0.6263790070572344,96.58
1530,LA UNION,QUININDE,ESMERALDAS,-79.4667708192387,0.09660361109444836,657.3
0070,ALTO TAMBO/GUADAL,SAN LORENZO,ESMERALDAS,-78.57700809474724,0.7545816568910345,1097.75
0110,ANCON/PALMA REAL,SAN LORENZO,ESMERALDAS,-78.85688343683529,1.4147592215215976,59.33
0435,CALDERON,SAN LORENZO,ESMERALDAS,-78.76506514100382,1.1728946932222466,26.83
0535,CARONDELET,SAN LORENZO,ESMERALDAS,-78.7445312173188,1.1269605808337109,73.59
0570,5 DE JUNIO/HUIMBI,SAN LORENZO,ESMERALDAS,-78.7479135017768,0.9268681514466942,218.47
0620,CONCEPCION,SAN LORENZO,ESMERALDAS,-78.84957330496759,1.0446859483583621,218.72
2395,MATAJE,SAN LORENZO,ESMERALDAS,-78.65347988816562,1.2599747127013023,311.22
3455,SAN JAVIER DE CACHABI,SAN LORENZO,ESMERALDAS,-78.77348141185293,1.0736839356567698,45.8
3725,SANTA RITA,SAN LORENZO,ESMERALDAS,-78.67201387368712,1.0507452100622534,80.69
3955,TAMBILLO,SAN LORENZO,ESMERALDAS,-78.89496690853325,1.191137986180703,227.15
4075,TULULBI /RICAURTE,SAN LORENZO,ESMERALDAS,-78.63183002296036,1.1346161966575947,351.09
4125,URBINA,SAN LORENZO,ESMERALDAS,-78.68841640624586,0.9914553140647839,139.61
2130,LA UNION,ATACAMES,ESMERALDAS,-79.84263973727192,0.7333105555808903,113.93
3880,SUA/BOCANA,ATACAMES,ESMERALDAS,-79.88872158379021,0.7681331219678482,72.0
4055,TONCHIGUE,ATACAMES,ESMERALDAS,-79.94600385752923,0.7695284966811562,137.7
1615,TONSUPA,ATACAMES,ESMERALDAS,-79.77320788586158,0.8801510151341077,82.75
0930,CHONTADURO,RIO VERDE,ESMERALDAS,-79.4015595040267,0.8738036063948781,215.82
0965,CHUMUNDE,RIO VERDE,ESMERALDAS,-79.38267396147565,0.7022800214701522,539.45
2035,LAGARTO,RIO VERDE,ESMERALDAS,-79.21794889087776,1.0052931103429474,212.25
2445,MONTALVO / HORQUETA,RIO VERDE,ESMERALDAS,-79.28588380723153,0.90716994305141,317.34
3215,ROCAFUERTE,RIO VERDE,ESMERALDAS,-79.34956705815151,0.9419603300833934,154.64
5335,ESMERALDAS,ESMERALDAS,ESMERALDAS,-79.68649081681981,0.9589801480512004,40.62
6205,VALDEZ/LIMONES/,ELOY ALFARO,ESMERALDAS,-78.98833851970831,1.2094618828250112,97.18
5670,MUISNE,MUISNE,ESMERALDAS,-79.94155605340022,0.6162237174864702,142.04
5895,ROSA ZARATE,QUININDE,ESMERALDAS,-79.52309639165382,0.2981053875564474,1022.06
6130,SAN LORENZO,SAN LORENZO,ESMERALDAS,-78.80304821188253,1.2762416533614784,248.3
6380,ATACAMES,ATACAMES,ESMERALDAS,-79.8178153450027,0.8126139984203409,104.05
6720,RIO VERDE,RIO VERDE,ESMERALDAS,-79.42666236029962,1.0229393001756943,73.8
5210,5 DE AGOSTO,ESMERALDAS,ESMERALDAS,-79.66528450583782,0.9406983811383618,11.5
6905,SIMON PLATA TORRES,ESMERALDAS,ESMERALDAS,-79.68880329809518,0.9136077977210594,13.56
5600,LUIS TELLO / LAS PALMAS /,ESMERALDAS,ESMERALDAS,-79.65556967960472,0.9871406551758332,2.35
5205,BARTOLOME RUIZ,ESMERALDAS,ESMERALDAS,-79.66120350957748,0.9765349949207681,2.39
1045,DURENO,LAGO AGRIO,SUCUMBIOS,-76.69233303823783,4.957415365757273e-05,246.06
1330,GENERAL FARFAN,LAGO AGRIO,SUCUMBIOS,-76.74257457296677,0.17935762235996747,526.5
1285,EL ENO,LAGO AGRIO,SUCUMBIOS,-76.87431028905434,-0.04409514669235923,438.96
1290,PACAYACU,LAGO AGRIO,SUCUMBIOS,-76.49584890849482,0.11125637091679316,884.23
1795,JAMBELI,LAGO AGRIO,SUCUMBIOS,-77.10238719150779,0.23370202710848612,444.81
1790,SANTA CECILIA,LAGO AGRIO,SUCUMBIOS,-76.98767572681912,0.0806857443503845,238.82
4625,10 DE AGOSTO,LAGO AGRIO,SUCUMBIOS,-76.94338253286101,0.21085766269279904,154.62
0230,EL REVENTADOR,GONZALO PIZARRO,SUCUMBIOS,-77.72988553090532,0.07139193015644732,985.62
1090,GONZALO PIZARRO,GONZALO PIZARRO,SUCUMBIOS,-77.37157240624374,-0.05908201862917001,242.98
3615,PUERTO LIBRE,GONZALO PIZARRO,SUCUMBIOS,-77.52773022889485,0.1441297067828526,769.5
2720,PALMA ROJA,PUTUMAYO,SUCUMBIOS,-76.13229576512504,0.1475074247550019,600.78
3005,PUERTO BOLIVAR,PUTUMAYO,SUCUMBIOS,-76.04865074201807,-0.04250412722957484,446.99
3020,PUERTO RODRIGUEZ,PUTUMAYO,SUCUMBIOS,-75.49133974870092,-0.08531152518868816,382.43
3705,SANTA ELENA,PUTUMAYO,SUCUMBIOS,-76.25602101932596,0.32398711281809944,545.92
4745,SANSAHUARI,PUTUMAYO,SUCUMBIOS,-76.30631237963398,0.07709598292237481,498.79
2175,LIMONCOCHA,SHUSHUFINDI,SUCUMBIOS,-76.51068567217341,-0.39534685511216816,541.84
2765,PANACOCHA,SHUSHUFINDI,SUCUMBIOS,-76.06680361342627,-0.4090859897848064,609.3
3645,SAN ROQUE,SHUSHUFINDI,SUCUMBIOS,-76.40026741474362,-0.3168995476556529,672.31
0600,SAN PEDRO DE LOS COFANES,SHUSHUFINDI,SUCUMBIOS,-76.83913498597613,-0.15101557492722195,74.84
0780,SIETE DE JULIO,SHUSHUFINDI,SUCUMBIOS,-76.76184629363182,-0.1756973644430396,120.43
1170,EL PLAYON DE SN. FRANCISCO,SUCUMBIOS,SUCUMBIOS,-77.67189291098464,0.5301414489452779,293.96
2095,LA SOFIA,SUCUMBIOS,SUCUMBIOS,-77.68780245556319,0.3266696580435145,649.22
3220,ROSA FLORIDA,SUCUMBIOS,SUCUMBIOS,-77.51046872009503,0.34564668654893016,355.82
3690,SANTA BARBARA,SUCUMBIOS,SUCUMBIOS,-77.52419672301929,0.6047752538480464,89.03
3750,SANTA ROSA DE SUCUMBIOS,CASCALES,SUCUMBIOS,-77.13825517676803,0.17017086057513686,58.65
1095,SEVILLA,CASCALES,SUCUMBIOS,-77.14702797669563,0.08901261572000917,118.04
9997,NUEVA TRONCAL,CASCALES,SUCUMBIOS,-77.16360584395134,-0.016129568698058313,372.19
0760,CUYABENO,CUYABENO,SUCUMBIOS,-75.62778516553621,-0.3558119702918808,2267.54
1555,AGUAS NEGRAS,CUYABENO,SUCUMBIOS,-76.18480113892032,-0.12380385157268889,488.74
5710,NUEVA LOJA,LAGO AGRIO,SUCUMBIOS,-76.8765608113676,0.07598018096842007,217.28
6300,LUMBAQUI,GONZALO PIZARRO,SUCUMBIOS,-77.4219452682909,0.06386961916247741,247.05
6500,EL CARMEN DE PUTUMAYO,PUTUMAYO,SUCUMBIOS,-75.85251777098192,0.026141921372322217,1076.21
6140,SHUSHUFINDI CENTRAL,SHUSHUFINDI,SUCUMBIOS,-76.62981025650252,-0.16164543249373464,487.43
5525,LA BONITA,SUCUMBIOS,SUCUMBIOS,-77.5667221374195,0.5078585261880535,129.1
6325,EL DORADO DE CASCALES,CASCALES,SUCUMBIOS,-77.29028390167993,0.23633732801118376,713.15
6765,TARAPOA,CUYABENO,SUCUMBIOS,-76.255593139343,-0.1909025668502822,1108.59
5315,EL ROSARIO,GUANO,CHIMBORAZO,-78.64686116337944,-1.624399805243504,23.4
0420,CACHA,RIOBAMBA,CHIMBORAZO,-78.71049169388512,-1.7116119908691814,28.56
0445,CALPI,RIOBAMBA,CHIMBORAZO,-78.75412800289881,-1.6205064504614048,51.86
0705,CUBIJIES,RIOBAMBA,CHIMBORAZO,-78.60041759810068,-1.6577495793348709,12.93
1280,FLORES,RIOBAMBA,CHIMBORAZO,-78.65335387320222,-1.8337655074300503,44.52
2160,LICAN,RIOBAMBA,CHIMBORAZO,-78.71099417805569,-1.6445377914028716,21.02
2165,LICTO,RIOBAMBA,CHIMBORAZO,-78.61778830788776,-1.8004944682176147,60.05
3035,PUNGALA,RIOBAMBA,CHIMBORAZO,-78.50058828962321,-1.8600671030087568,279.31
3040,PUNIN,RIOBAMBA,CHIMBORAZO,-78.67495026792564,-1.7658971737632494,51.66
3095,QUIMIAG,RIOBAMBA,CHIMBORAZO,-78.51921618721089,-1.6745200016576374,135.92
3515,SAN JUAN,RIOBAMBA,CHIMBORAZO,-78.83120432800129,-1.57139077723149,221.13
3560,SAN LUIS,RIOBAMBA,CHIMBORAZO,-78.64111886421117,-1.7119338182579251,29.86
6220,VELASCO,RIOBAMBA,CHIMBORAZO,-78.64983207018143,-1.651550163390817,11.84
5630,MALDONADO,RIOBAMBA,CHIMBORAZO,-78.62650261362379,-1.6718226320941751,11.62
6230,VELOZ,RIOBAMBA,CHIMBORAZO,-78.65334310702033,-1.6873773099588418,7.11
6290,YARUQUIES,RIOBAMBA,CHIMBORAZO,-78.69017972956232,-1.6879658485831586,14.15
5590,LIZARZABURU,RIOBAMBA,CHIMBORAZO,-78.6769562867933,-1.6580471358060098,17.23
6525,ELOY ALFARO /DURAN,DURAN,GUAYAS,-79.78775734953668,-2.2321588768503813,327.24
7515,DIVINO NIÑO,DURAN,GUAYAS,-79.82962343104599,-2.160633190962406,12.07
7455,EL RECREO,DURAN,GUAYAS,-79.80431457936149,-2.171053057460313,2.56
5685,MIRA,MIRA,CARCHI,-78.0506366567139,0.5560657078567535,100.65
6040,SANTA ELENA,SANTA ELENA,SANTA ELENA,-80.7063622394795,-2.2215434436487587,532.98
